dataset_id,split
2024-02-06_13h58m18s,train
2023-09-19_16h37m01s,train
2024-02-28_03h45m28s,train
2023-06-02_10h47m47s,train
2023-09-13_17h11m57s,train
2023-06-21_13h21m40s,train
2023-12-05_15h03m50s,train
2024-06-12_15h33m53s,train
2023-11-16_11h30m42s,train
2024-06-12_15h51m12s,train
2023-10-25_16h42m47s,train
2024-06-12_15h27m25s,train
2022-05-06_18h26m06s,train
2024-06-12_15h41m27s,train
2023-08-18_15h39m28s,train
2022-10-18_13h46m45s,train
2022-10-18_14h44m19s,train
2022-07-11_17h11m07s,train
2024-09-19_00h01m48s,train
2022-01-31_09h30m29s,train
2021-09-17_22h36m14s,train
2022-10-07_08h27m08s,train
2023-06-07_10h57m44s,train
2022-05-30_20h04m48s,train
2022-01-31_09h18m06s,train
2024-05-31_22h29m10s,train
2023-07-07_04h50m52s,train
2022-01-31_09h08m54s,train
2023-04-21_13h44m01s,train
2024-05-31_22h39m50s,train
2023-07-12_00h00m38s,train
2022-02-28_12h37m31s,train
2023-06-05_15h17m28s,train
2023-12-05_15h15m49s,train
2023-12-07_14h49m31s,train
2023-10-25_22h45m02s,train
2023-07-05_22h26m29s,train
2022-02-22_11h06m11s,train
2024-11-21_15h40m02s,train
2023-07-07_04h43m03s,train
2022-02-14_11h58m38s,train
2023-11-02_21h49m26s,train
2024-07-25_01h59m23s,train
2024-07-18_19h17m30s,train
2023-09-05_17h06m14s,train
2024-06-12_23h33m36s,train
2022-05-17_15h40m15s,train
2023-02-10_11h47m46s,train
2024-02-15_20h26m38s,train
2023-10-02_17h16m22s,train
2023-08-10_00h34m44s,train
2023-03-20_17h36m39s,train
2023-03-08_20h21m57s,train
2023-03-09_18h28m41s,train
2023-07-09_23h18m49s,train
2023-04-04_07h50m38s,train
2023-03-05_19h48m07s,train
2024-11-21_15h41m14s,train
2023-09-05_16h12m30s,train
2024-09-07_10h59m37s,train
2023-09-22_18h11m23s,train
2022-03-30_19h09m25s,train
2023-11-21_18h13m32s,train
2022-03-07_11h16m23s,train
2023-10-03_10h58m29s,train
2023-05-16_22h06m15s,train
2023-05-23_06h42m56s,train
2024-02-05_16h57m12s,train
2022-03-02_15h56m01s,train
2022-10-31_20h25m55s,train
2023-05-23_06h43m54s,train
2023-12-04_10h53m49s,train
2024-05-21_09h58m12s,train
2023-09-05_16h59m16s,train
2023-07-09_23h26m29s,train
2023-03-14_06h32m54s,train
2022-07-11_16h07m45s,train
2023-09-07_11h38m52s,train
2021-09-27_12h10m59s,train
2022-10-07_08h07m44s,train
2023-11-02_21h52m21s,train
2024-11-21_15h37m00s,train
2024-11-21_15h38m14s,train
2022-12-02_10h02m26s,train
2024-04-29_20h29m32s,train
2022-07-11_16h12m12s,train
2023-10-09_14h18m24s,train
2024-03-01_17h53m59s,train
2023-06-21_21h25m40s,train
2023-11-02_08h57m04s,train
2023-09-05_16h36m15s,train
2022-07-11_16h10m13s,train
2023-09-27_13h40m13s,train
2024-02-15_20h37m13s,train
2025-01-01_01h20m27s,train
2020-10-09_00h27m01s,train
2023-12-04_13h59m11s,train
2023-08-05_13h51m43s,train
2024-09-18_00h49m44s,train
2023-05-15_20h02m55s,train
2025-08-22_18h25m43s,train
2023-11-02_08h55m38s,train
2024-10-07_22h03m24s,train
2023-05-23_12h33m43s,train
2023-01-04_15h22m20s,train
2023-11-02_21h49m19s,train
2023-04-04_08h03m35s,train
2024-07-21_22h31m56s,train
2025-08-27_01h37m31s,train
2023-09-11_18h53m27s,train
2023-03-01_13h24m33s,train
2023-09-28_11h39m20s,train
2023-10-24_17h13m08s,train
2023-06-16_07h54m01s,train
2022-03-24_16h56m33s,train
2024-12-02_10h24m02s,train
2023-09-07_11h00m06s,train
2023-06-01_19h16m41s,train
2025-08-22_19h06m03s,train
2022-05-30_19h16m00s,train
2022-06-09_17h14m40s,train
2023-01-05_10h55m02s,train
2023-06-21_18h27m40s,train
2022-01-31_09h55m03s,train
2024-04-25_15h36m07s,train
2024-12-02_12h22m27s,train
2024-06-12_15h50m34s,train
2023-01-18_15h40m36s,train
2023-01-19_18h03m59s,train
2023-01-19_20h45m02s,train
2023-01-13_15h22m08s,train
2023-01-18_15h41m08s,train
2023-03-17_13h54m41s,train
2021-12-20_20h14m16s,train
2024-12-18_21h17m09s,train
2023-01-19_18h38m30s,train
2021-11-08_21h13m55s,train
2021-11-08_20h59m40s,train
2022-11-14_05h15m11s,train
2023-06-02_05h23m11s,train
2023-06-02_05h14m56s,train
2024-06-12_15h42m44s,train
2024-11-14_15h40m30s,train
2023-06-02_05h13m52s,train
2024-02-27_17h29m40s,train
2022-07-06_09h33m52s,train
2023-08-10_07h21m08s,train
2023-12-18_17h45m47s,train
2023-08-12_12h11m58s,train
2024-04-03_01h17m03s,train
2023-12-01_11h35m44s,train
2023-11-22_10h40m34s,train
2024-12-12_13h21m11s,train
2023-06-27_23h40m04s,train
2023-09-29_18h44m00s,train
2023-06-27_23h41m57s,train
2022-09-28_19h10m41s,train
2024-01-16_15h35m38s,train
2024-12-12_20h35m28s,train
2024-05-01_17h50m07s,train
2024-04-25_08h36m27s,train
2021-09-14_19h16m52s,train
2023-06-27_23h38m39s,train
2023-06-27_22h58m39s,train
2024-01-10_13h09m29s,train
2023-09-29_10h49m52s,train
2024-04-03_10h09m53s,train
2024-04-03_10h07m28s,train
2023-06-01_15h42m28s,train
2024-07-09_12h40m24s,train
2024-09-28_16h12m14s,train
2024-12-21_08h28m44s,train
2024-07-09_13h50m50s,train
2024-12-21_10h17m55s,train
2024-12-10_04h23m56s,train
2024-04-26_14h59m58s,train
2024-04-30_10h38m37s,train
2024-04-25_07h49m19s,train
2024-12-17_16h40m47s,train
2024-10-09_23h46m27s,train
2024-10-13_01h26m52s,train
2024-12-20_20h39m23s,train
2024-04-03_09h50m50s,train
2024-12-18_09h47m36s,train
2024-05-02_17h21m34s,train
2022-09-30_11h33m41s,train
2023-06-22_23h26m48s,train
2024-06-12_15h42m30s,train
2024-12-22_09h12m31s,train
2024-04-25_08h47m13s,train
2024-10-09_21h31m37s,train
2022-08-30_18h00m34s,train
2023-07-04_08h16m59s,train
2024-07-09_15h39m03s,train
2022-08-30_17h51m27s,train
2024-12-18_10h34m07s,train
2024-12-12_13h22m24s,train
2022-10-18_14h40m38s,train
2024-05-02_20h55m36s,train
2024-04-10_18h24m30s,train
2024-08-01_15h22m13s,train
2024-04-03_10h38m32s,train
2023-06-21_22h13m45s,train
2024-08-01_15h23m42s,train
2024-03-15_18h17m07s,train
2022-09-15_11h21m12s,train
2024-04-12_13h07m30s,train
2023-09-18_09h18m54s,train
2022-09-15_11h15m37s,train
2024-04-12_08h49m30s,train
2024-04-10_18h31m51s,train
2024-03-15_18h17m52s,train
2021-11-30_18h02m25s,train
2023-11-02_03h13m06s,train
2022-09-15_11h34m35s,train
2024-04-12_11h54m39s,train
2024-04-10_17h56m06s,train
2022-07-16_07h07m42s,train
2022-10-18_13h36m54s,train
2022-09-15_11h26m37s,train
2023-05-16_13h39m13s,train
2024-04-12_12h00m00s,train
2024-08-06_15h10m57s,train
2024-04-12_09h58m46s,train
2021-12-06_17h33m41s,train
2024-04-12_10h02m46s,train
2024-04-12_08h53m57s,train
2023-11-02_01h02m29s,train
2023-11-03_02h51m06s,train
2023-08-03_20h35m23s,train
2022-10-31_20h52m31s,train
2024-04-10_18h35m23s,train
2022-09-15_11h39m48s,train
2024-04-12_08h23m52s,train
2023-08-03_20h32m40s,train
2023-11-08_09h20m28s,train
2024-04-10_17h56m17s,train
2023-08-03_20h21m03s,train
2023-08-03_20h34m04s,train
2024-04-10_18h26m43s,train
2024-04-10_18h33m02s,train
2021-11-30_18h26m10s,train
2023-06-26_16h10m39s,train
2023-11-08_03h48m24s,train
2024-02-15_23h44m05s,train
2022-12-01_15h43m13s,train
2022-11-18_19h09m21s,train
2022-05-21_20h01m28s,train
2024-04-12_08h55m13s,train
2023-02-21_22h29m47s,train
2022-11-18_17h28m17s,train
2023-11-08_04h25m39s,train
2022-11-18_17h54m17s,train
2023-10-31_08h56m29s,train
2022-09-15_03h40m53s,train
2023-11-08_02h28m13s,train
2023-12-19_16h58m52s,train
2022-05-21_20h03m48s,train
2022-11-18_17h39m19s,train
2022-12-16_17h10m08s,train
2022-11-18_18h29m34s,train
2022-05-21_20h06m35s,train
2024-04-10_18h10m55s,train
2021-12-06_17h34m44s,train
2023-09-14_16h37m16s,train
2023-09-08_12h05m55s,train
2024-03-15_14h53m53s,train
2021-12-06_17h33m11s,train
2023-05-02_13h17m16s,train
2022-12-21_14h38m29s,train
2024-04-12_07h58m55s,train
2024-04-10_18h37m47s,train
2022-09-15_11h10m56s,train
2024-04-10_18h36m11s,train
2024-09-19_00h53m45s,train
2022-09-15_11h13m32s,train
2021-12-06_17h34m59s,train
2023-11-07_13h59m54s,train
2023-10-31_07h01m41s,train
2023-12-19_19h04m45s,train
2022-05-21_20h02m10s,train
2022-11-18_18h39m20s,train
2022-10-18_14h52m51s,train
2024-04-10_18h32m21s,train
2024-04-03_02h54m26s,train
2024-12-07_00h47m22s,train
2022-11-18_18h52m17s,train
2023-08-03_17h50m18s,train
2023-12-19_19h05m40s,train
2023-06-09_16h31m06s,train
2024-05-31_22h41m08s,train
2022-06-11_22h36m21s,train
2022-06-12_08h07m32s,train
2023-09-07_16h37m36s,train
2024-05-31_22h40m44s,train
2023-06-06_15h07m18s,train
2023-09-18_14h40m51s,train
2023-08-31_08h23m16s,train
2022-12-16_17h11m10s,train
2024-05-31_22h42m36s,train
2024-12-07_01h17m27s,train
2022-05-31_10h46m34s,train
2023-06-16_16h52m53s,train
2024-05-31_22h41m24s,train
2024-04-12_09h03m46s,train
2024-04-10_18h20m52s,train
2023-08-22_00h17m41s,train
2024-02-15_23h06m43s,train
2023-06-09_16h38m17s,train
2023-10-31_03h40m25s,train
2022-11-15_01h33m11s,train
2023-05-02_13h14m49s,train
2023-10-31_09h39m20s,train
2024-04-12_10h02m39s,train
2022-11-15_01h35m47s,train
2023-05-08_17h01m35s,train
2022-10-07_00h01m40s,train
2023-04-18_16h20m46s,train
2023-10-30_04h15m58s,train
2023-06-16_16h55m36s,train
2022-11-15_01h27m51s,train
2024-04-10_17h34m16s,train
2024-04-12_09h41m36s,train
2024-05-20_20h41m13s,train
2024-02-15_23h14m31s,train
2023-12-06_16h46m18s,train
2022-12-21_12h53m53s,train
2024-04-12_09h54m11s,train
2024-04-12_08h55m06s,train
2024-03-15_14h50m15s,train
2023-02-10_16h08m00s,train
2023-04-12_15h37m25s,train
2024-04-10_18h09m46s,train
2023-11-06_17h23m58s,train
2023-10-02_14h56m07s,train
2024-04-04_23h53m54s,train
2022-12-05_15h22m19s,train
2023-11-06_17h21m29s,train
2023-07-11_11h49m15s,train
2024-05-31_22h18m55s,train
2023-06-09_16h34m28s,train
2022-11-18_19h16m17s,train
2021-09-26_18h15m28s,train
2023-12-08_11h46m12s,train
2023-06-09_16h23m43s,train
2024-05-20_20h45m00s,train
2024-05-20_20h55m15s,train
2023-01-06_09h40m43s,train
2023-06-09_16h33m38s,train
2023-05-16_16h57m34s,train
2024-12-07_01h00m40s,train
2022-11-18_17h46m52s,train
2023-07-28_19h36m06s,train
2023-11-07_22h28m04s,train
2024-12-07_00h46m25s,train
2024-12-07_01h15m44s,train
2022-01-17_23h33m59s,train
2023-10-24_02h24m41s,train
2024-04-12_09h51m19s,train
2024-12-07_00h32m06s,train
2023-07-28_19h37m08s,train
2023-11-07_22h33m03s,train
2023-01-20_10h43m24s,train
2022-12-21_13h03m16s,train
2023-06-06_03h17m20s,train
2023-10-31_01h31m57s,train
2023-06-16_16h46m06s,train
2023-07-28_19h38m30s,train
2023-05-02_13h14m14s,train
2023-08-03_18h22m58s,train
2023-07-28_19h39m39s,train
2021-12-06_17h34m05s,train
2024-05-20_20h42m15s,train
2023-06-05_19h24m18s,train
2023-06-26_15h58m25s,train
2023-11-06_17h28m19s,train
2023-08-03_18h22m10s,train
2024-02-15_23h57m39s,train
2021-04-17_00h32m23s,train
2023-07-28_19h29m16s,train
2023-07-28_19h26m04s,train
2023-07-28_19h27m29s,train
2023-08-01_01h34m20s,train
2023-05-02_16h16m04s,train
2023-08-29_11h24m01s,train
2023-06-09_17h06m36s,train
2023-08-03_18h30m35s,train
2023-11-06_17h29m32s,train
2023-11-07_22h35m05s,train
2022-11-18_18h49m42s,train
2023-06-16_16h49m33s,train
2024-05-20_20h43m57s,train
2023-06-05_19h19m15s,train
2024-04-10_17h06m19s,train
2022-12-01_20h18m54s,train
2023-06-05_19h19m11s,train
2022-11-28_22h17m07s,train
2022-11-28_22h18m50s,train
2022-05-21_20h02m41s,train
2023-10-24_08h34m32s,train
2023-10-24_06h04m30s,train
2023-10-30_07h05m42s,train
2023-04-18_16h11m40s,train
2023-11-08_08h47m46s,train
2023-08-03_18h29m57s,train
2022-07-13_21h29m14s,train
2023-08-03_16h39m06s,train
2024-10-03_20h18m09s,train
2023-10-31_04h13m54s,train
2023-07-28_19h31m59s,train
2024-12-07_01h38m00s,train
2022-10-17_20h23m36s,train
2022-10-31_21h36m08s,train
2023-03-28_20h56m22s,train
2023-08-22_00h28m53s,train
2021-09-27_18h40m48s,train
2024-02-15_23h42m14s,train
2024-03-31_06h30m24s,train
2022-01-17_23h21m33s,train
2022-05-30_20h44m19s,train
2022-10-17_20h29m14s,train
2022-09-28_16h17m16s,train
2017-05-17_19h49m04s,train
2022-09-17_20h58m32s,train
2022-07-08_20h45m00s,train
2022-11-02_17h32m33s,train
2024-02-15_23h08m26s,train
2022-11-18_18h16m37s,train
2022-11-18_18h58m18s,train
2022-02-18_19h10m18s,train
2024-02-15_22h33m01s,train
2023-08-03_18h28m26s,train
2023-09-20_21h00m35s,train
2024-02-15_22h39m22s,train
2023-05-08_13h39m42s,train
2022-02-23_19h50m08s,train
2024-12-07_00h14m42s,train
2024-05-20_20h59m54s,train
2022-10-17_20h24m34s,train
2022-02-23_19h48m23s,train
2022-10-31_21h31m05s,train
2022-10-17_20h30m37s,train
2023-07-28_19h34m04s,train
2024-04-24_14h31m09s,train
2023-10-30_02h42m04s,train
2023-10-25_09h08m09s,train
2024-11-15_20h51m45s,train
2023-08-03_16h56m19s,train
2023-01-06_13h08m27s,train
2023-08-22_00h38m57s,train
2024-12-06_07h18m28s,train
2023-08-01_01h35m23s,train
2022-05-31_10h27m17s,train
2021-04-16_22h18m09s,train
2021-12-06_17h34m19s,train
2024-11-15_20h49m11s,train
2023-06-22_17h02m18s,train
2021-12-06_17h34m30s,train
2024-08-10_00h17m43s,train
2023-06-05_20h01m16s,train
2024-03-12_17h49m11s,train
2023-08-03_18h27m08s,train
2023-11-06_17h20m43s,train
2023-07-28_19h32m45s,train
2022-11-18_18h19m35s,train
2024-02-15_22h43m28s,train
2023-06-16_17h03m54s,train
2023-06-09_16h41m23s,train
2024-03-18_12h58m43s,train
2021-06-16_17h47m13s,train
2023-08-08_21h12m59s,train
2023-08-29_08h51m53s,train
2022-02-18_19h11m07s,train
2024-02-15_23h05m29s,train
2023-06-05_19h42m47s,train
2023-05-08_10h40m22s,train
2024-03-13_22h21m21s,train
2023-05-05_01h32m11s,train
2023-05-23_20h48m29s,train
2024-03-12_17h57m30s,train
2022-11-18_20h00m37s,train
2024-02-15_23h04m36s,train
2023-06-22_17h04m42s,train
2022-12-01_20h19m37s,train
2024-03-31_07h07m26s,train
2024-03-13_22h43m49s,train
2023-06-05_19h11m14s,train
2024-03-13_22h36m52s,train
2023-06-22_17h06m27s,train
2024-02-15_22h35m32s,train
2021-04-17_00h29m50s,train
2024-12-16_20h13m48s,train
2024-05-20_20h32m20s,train
2024-04-10_18h04m26s,train
2023-08-22_00h14m53s,train
2023-06-05_20h01m13s,train
2023-11-07_22h16m54s,train
2024-05-31_22h23m22s,train
2024-11-15_20h57m27s,train
2024-03-30_05h12m28s,train
2024-12-16_20h15m44s,train
2023-12-31_02h30m46s,train
2024-12-16_20h13m15s,train
2023-11-06_17h36m40s,train
2023-08-22_00h16m40s,train
2024-04-24_09h28m58s,train
2023-04-18_15h57m17s,train
2023-06-08_04h04m12s,train
2023-06-08_04h14m25s,train
2024-04-10_18h04m12s,train
2024-11-15_20h57m05s,train
2023-07-20_22h41m29s,train
2024-12-16_20h18m38s,train
2023-01-06_09h49m17s,train
2022-05-30_20h03m10s,train
2023-02-21_16h31m13s,train
2022-10-06_23h46m08s,train
2023-10-24_10h04m56s,train
2023-03-28_20h57m14s,train
2022-05-21_19h59m08s,train
2023-06-08_17h04m39s,train
2024-10-10_20h31m12s,train
2022-10-31_22h30m32s,train
2022-01-17_23h48m59s,train
2024-04-10_17h47m22s,train
2023-08-03_17h44m47s,train
2023-11-06_17h38m27s,train
2024-11-15_20h59m45s,train
2023-06-22_17h07m43s,train
2022-10-18_15h28m51s,train
2023-05-10_17h33m23s,train
2023-07-28_19h35m12s,train
2023-02-08_17h04m32s,train
2023-01-16_09h00m13s,train
2023-06-09_16h48m23s,train
2024-03-31_07h06m09s,train
2024-11-15_20h58m45s,train
2021-12-16_15h59m51s,train
2022-06-11_22h26m37s,train
2023-09-20_21h00m08s,train
2021-04-17_00h28m39s,train
2022-11-18_17h41m34s,train
2023-11-06_17h13m08s,train
2023-06-06_03h30m21s,train
2023-06-13_22h45m08s,train
2024-05-20_20h47m22s,train
2023-06-13_16h20m59s,train
2022-02-23_19h49m15s,train
2024-08-13_23h47m40s,train
2024-11-15_20h49m59s,train
2023-09-20_20h59m26s,train
2023-06-22_16h51m40s,train
2024-02-15_23h21m47s,train
2024-08-09_23h30m52s,train
2023-08-03_17h45m47s,train
2024-12-16_20h14m35s,train
2024-12-16_20h16m04s,train
2023-06-05_19h30m00s,train
2022-01-10_19h33m26s,train
2023-11-06_17h31m27s,train
2022-10-31_22h36m47s,train
2023-06-22_16h45m55s,train
2022-02-23_19h48m42s,train
2022-07-13_21h31m40s,train
2023-10-30_08h11m54s,train
2023-08-15_21h27m22s,train
2023-06-06_03h13m58s,train
2023-03-28_20h59m01s,train
2023-10-30_03h58m48s,train
2024-12-16_20h12m29s,train
2024-03-13_22h48m05s,train
2023-01-06_09h50m15s,train
2022-02-18_20h13m13s,train
2023-09-20_21h02m08s,train
2022-05-23_14h42m31s,train
2021-10-11_19h06m59s,train
2022-05-21_20h04m48s,train
2022-11-18_19h26m39s,train
2024-02-15_23h39m51s,train
2023-08-03_17h48m28s,train
2023-11-15_23h54m18s,train
2024-02-20_07h26m29s,train
2023-08-22_00h26m46s,train
2021-04-17_00h22m44s,train
2023-08-25_12h40m07s,train
2024-11-15_20h52m16s,train
2023-08-03_16h26m31s,train
2022-02-23_19h48m04s,train
2023-10-24_10h58m30s,train
2022-11-18_17h58m18s,train
2023-10-31_02h00m19s,train
2022-01-10_19h40m20s,train
2023-08-03_16h57m57s,train
2023-06-05_23h45m49s,train
2024-11-16_00h46m19s,train
2023-06-06_03h19m16s,train
2023-08-03_18h26m33s,train
2022-06-09_18h59m58s,train
2022-02-23_19h47m48s,train
2023-10-13_05h41m21s,train
2024-11-15_21h00m49s,train
2023-11-06_17h16m33s,train
2023-05-02_13h18m38s,train
2023-06-15_19h39m22s,train
2024-12-16_20h15m14s,train
2023-12-08_11h45m18s,train
2023-06-22_16h56m44s,train
2022-06-11_22h37m37s,train
2023-10-13_05h39m49s,train
2023-09-20_21h04m22s,train
2024-02-20_08h30m00s,train
2021-09-27_19h51m20s,train
2022-11-18_17h57m50s,train
2024-08-09_23h31m32s,train
2023-06-05_19h17m57s,train
2023-08-04_21h50m42s,train
2023-10-24_10h41m10s,train
2023-05-12_10h15m27s,train
2023-09-07_14h57m15s,train
2023-07-20_22h43m28s,train
2023-10-18_03h46m44s,train
2024-05-07_16h05m23s,train
2021-06-16_17h16m04s,train
2024-02-20_01h53m12s,train
2023-08-04_21h49m30s,train
2023-06-14_22h46m10s,train
2020-08-25_12h45m00s,train
2023-05-05_01h33m26s,train
2024-08-13_23h55m34s,train
2023-06-05_19h28m16s,train
2022-01-06_23h31m52s,train
2023-11-07_22h21m07s,train
2023-11-06_17h39m53s,train
2022-07-13_21h30m17s,train
2024-01-17_16h42m26s,train
2021-10-11_21h07m40s,train
2024-08-09_23h31m11s,train
2024-09-12_20h08m29s,train
2023-08-03_02h07m56s,train
2023-07-20_22h42m52s,train
2023-10-09_14h50m17s,train
2023-03-06_09h13m00s,train
2024-02-21_07h50m30s,train
2023-06-22_16h46m57s,train
2016-10-25_14h30m16s,train
2024-08-09_23h34m49s,train
2022-02-23_19h47m30s,train
2024-03-30_05h25m24s,train
2023-04-18_11h50m45s,train
2024-11-15_21h00m12s,train
2023-06-05_19h40m58s,train
2018-02-14_12h32m10s,train
2023-06-05_19h14m50s,train
2022-11-22_20h36m31s,train
2024-04-29_22h33m20s,train
2022-10-31_21h12m26s,train
2023-07-12_10h05m29s,train
2021-10-12_19h05m58s,train
2021-10-12_18h59m35s,train
2022-11-18_17h40m42s,train
2022-10-31_22h13m14s,train
2023-11-06_17h32m53s,train
2022-10-31_22h25m38s,train
2023-09-20_20h51m25s,train
2024-12-06_07h18m05s,train
2023-07-28_19h24m32s,train
2022-03-02_08h49m17s,train
2023-03-28_19h33m16s,train
2022-06-09_19h04m59s,train
2023-06-13_22h37m07s,train
2024-01-31_19h29m51s,train
2023-03-28_20h55m19s,train
2024-12-16_20h11m30s,train
2022-07-13_21h25m35s,train
2022-10-31_22h40m51s,train
2022-03-21_20h30m27s,train
2024-04-24_13h43m54s,train
2024-02-19_08h36m35s,train
2023-06-13_22h07m12s,train
2024-03-22_14h08m37s,train
2023-11-06_17h04m30s,train
2023-10-13_05h44m04s,train
2023-06-22_16h48m03s,train
2023-02-21_22h30m22s,train
2024-10-03_20h18m06s,train
2022-10-12_22h50m05s,train
2024-02-22_02h50m56s,train
2024-02-21_10h27m21s,train
2023-07-11_23h46m54s,train
2023-07-11_23h49m25s,train
2024-04-03_10h35m08s,train
2023-11-06_17h40m36s,train
2023-06-14_22h41m42s,train
2024-11-15_21h05m03s,train
2022-01-19_02h06m06s,train
2023-08-22_00h05m31s,train
2023-11-07_22h25m56s,train
2022-07-13_21h31m13s,train
2023-08-24_12h00m43s,train
2023-06-14_22h50m06s,train
2021-11-04_14h12m55s,train
2022-02-28_11h15m58s,train
2024-05-08_10h53m34s,train
2021-12-16_19h40m36s,train
2023-06-05_19h10m26s,train
2021-09-26_18h14m14s,train
2022-10-31_19h46m48s,train
2023-08-03_18h23m42s,train
2024-05-31_22h40m24s,train
2024-08-13_23h24m14s,train
2017-07-11_11h29m36s,train
2023-09-20_20h52m15s,train
2023-10-18_03h45m45s,train
2023-08-04_21h49m59s,train
2024-02-25_12h47m22s,train
2023-10-13_05h44m51s,train
2022-06-09_20h28m07s,train
2024-03-12_17h45m02s,train
2022-12-22_09h16m37s,train
2024-12-16_20h12m02s,train
2023-10-09_14h31m50s,train
2022-11-18_18h15m54s,train
2024-03-14_13h38m54s,train
2023-08-22_00h48m15s,train
2023-11-07_22h12m34s,train
2024-08-10_00h17m57s,train
2023-01-20_10h47m29s,train
2022-03-04_16h56m47s,train
2023-10-26_00h25m25s,train
2023-03-28_19h39m25s,train
2023-10-24_10h23m43s,train
2023-08-03_18h24m07s,train
2023-06-12_16h57m43s,train
2024-04-24_14h53m33s,train
2024-02-19_09h27m18s,train
2022-10-27_17h41m49s,train
2023-09-20_20h49m34s,train
2023-12-08_11h44m13s,train
2023-10-26_00h15m40s,train
2022-07-13_21h30m44s,train
2023-02-21_21h00m54s,train
2024-04-24_02h15m25s,train
2024-02-15_22h27m12s,train
2024-02-26_22h34m46s,train
2024-08-14_00h01m29s,train
2022-02-16_07h52m03s,train
2023-07-20_22h49m30s,train
2022-07-13_21h25m05s,train
2023-06-13_22h38m12s,train
2023-08-01_01h40m13s,train
2020-09-21_22h18m26s,train
2023-10-13_05h45m57s,train
2023-06-15_19h37m38s,train
2024-02-26_22h36m04s,train
2023-10-26_00h23m36s,train
2021-12-01_18h54m34s,train
2023-04-17_16h20m12s,train
2022-07-11_16h54m42s,train
2023-06-14_22h42m29s,train
2017-07-28_12h59m41s,train
2024-05-23_14h22m54s,train
2023-04-18_14h40m14s,train
2023-12-08_11h36m46s,train
2021-12-16_20h21m02s,train
2023-10-13_05h47m14s,train
2023-07-20_22h46m25s,train
2022-01-19_02h30m55s,train
2024-06-12_22h51m11s,train
2024-05-22_06h47m44s,train
2021-12-21_19h47m36s,train
2024-05-31_22h09m08s,train
2023-06-15_16h45m45s,train
2022-10-12_18h08m35s,train
2023-07-12_15h41m42s,train
2023-06-05_19h18m03s,train
2023-06-22_16h44m32s,train
2023-06-12_16h59m44s,train
2023-10-18_03h47m55s,train
2024-05-23_19h30m00s,train
2023-11-06_17h38m47s,train
2023-06-09_17h07m41s,train
2021-12-21_19h26m39s,train
2023-02-21_19h55m13s,train
2021-12-21_20h15m52s,train
2022-10-31_22h01m40s,train
2023-10-13_05h46m45s,train
2024-08-09_23h31m51s,train
2024-04-10_02h35m10s,train
2023-08-03_16h25m31s,train
2024-10-12_22h25m46s,train
2024-02-15_22h02m12s,train
2024-02-20_03h16m33s,train
2023-03-13_09h35m34s,train
2023-10-09_14h42m19s,train
2023-05-10_20h38m39s,train
2022-10-26_22h21m26s,train
2022-10-12_22h51m24s,train
2021-10-11_19h38m30s,train
2022-02-07_17h44m17s,train
2023-06-13_22h29m18s,train
2023-11-06_17h18m16s,train
2021-12-21_20h02m11s,train
2024-09-02_09h26m36s,train
2022-12-16_17h13m00s,train
2024-07-22_13h38m02s,train
2023-06-16_16h59m13s,train
2023-01-25_23h27m30s,train
2022-11-02_16h29m10s,train
2022-05-31_10h25m40s,train
2024-11-15_21h04m51s,train
2023-06-16_16h42m44s,train
2023-06-15_19h46m53s,train
2023-02-28_14h39m21s,train
2023-11-28_14h02m10s,train
2023-06-05_19h16m50s,train
2023-09-18_09h28m35s,train
2023-05-02_13h20m33s,train
2022-10-26_21h33m26s,train
2022-11-08_22h56m45s,train
2022-10-31_21h38m17s,train
2023-06-26_16h10m52s,train
2022-11-08_22h48m44s,train
2021-11-11_19h10m54s,train
2022-10-31_20h36m14s,train
2022-02-28_12h36m26s,train
2022-12-13_10h44m36s,train
2022-12-16_17h10m38s,train
2023-07-12_18h34m49s,train
2022-01-10_21h13m17s,train
2022-10-31_19h33m50s,train
2023-10-13_05h29m31s,train
2022-10-31_21h20m40s,train
2021-11-30_18h15m46s,train
2023-05-23_20h48m07s,train
2023-12-07_17h42m15s,train
2023-08-01_01h35m44s,train
2023-10-09_14h37m31s,train
2023-05-03_10h11m05s,train
2023-10-26_00h10m43s,train
2024-05-29_16h32m16s,train
2022-10-26_22h44m45s,train
2022-01-18_00h17m02s,train
2023-06-28_10h32m08s,train
2022-10-31_22h19m51s,train
2022-10-12_22h52m56s,train
2024-05-29_16h36m27s,train
2024-05-28_18h53m24s,train
2023-05-02_11h21m51s,train
2023-01-25_02h38m25s,train
2023-07-19_11h29m39s,train
2023-02-21_20h05m59s,train
2023-04-24_22h38m14s,train
2022-01-17_22h28m27s,train
2022-10-26_22h20m17s,train
2022-05-23_14h36m21s,train
2022-03-21_18h51m06s,train
2023-01-25_03h08m34s,train
2024-06-12_22h54m44s,train
2024-03-07_16h42m14s,train
2024-04-24_18h42m51s,train
2024-02-23_07h04m04s,train
2022-09-24_00h14m50s,train
2022-10-26_21h35m21s,train
2023-01-25_02h39m43s,train
2021-12-15_22h31m08s,train
2024-10-21_09h40m49s,train
2020-07-10_23h06m21s,train
2021-12-17_18h11m49s,train
2022-01-06_23h30m42s,train
2023-07-17_12h44m07s,train
2024-02-15_22h26m06s,train
2024-02-15_22h06m56s,train
2023-06-05_19h15m35s,train
2023-07-12_15h42m21s,train
2023-09-20_20h50m29s,train
2022-11-08_22h55m51s,train
2023-08-30_08h56m56s,train
2023-02-21_20h03m57s,train
2023-08-22_00h46m14s,train
2022-07-13_21h28m34s,train
2023-01-25_03h21m37s,train
2024-04-29_11h38m48s,train
2023-01-25_23h28m28s,train
2023-10-24_05h00m50s,train
2024-02-19_06h16m33s,train
2024-11-16_00h46m40s,train
2024-04-24_04h39m35s,train
2024-02-19_13h17m22s,train
2023-01-25_02h40m14s,train
2023-08-21_21h37m38s,train
2024-01-29_19h29m15s,train
2023-11-07_22h11m04s,train
2022-12-05_12h03m57s,train
2022-10-27_22h04m24s,train
2024-02-15_22h17m42s,train
2023-02-28_21h16m45s,train
2024-08-27_13h52m43s,train
2024-05-31_22h10m03s,train
2023-10-24_00h12m33s,train
2023-01-25_03h42m21s,train
2023-12-08_11h38m41s,train
2022-01-10_19h24m54s,train
2023-10-09_14h42m48s,train
2022-12-21_10h54m32s,train
2024-05-20_20h48m12s,train
2023-06-15_16h46m32s,train
2024-08-09_23h32m00s,train
2023-10-09_14h47m40s,train
2022-11-22_03h09m11s,train
2024-02-15_22h23m27s,train
2023-06-12_16h53m43s,train
2023-06-21_12h17m23s,train
2023-02-21_14h46m43s,train
2023-07-20_22h38m31s,train
2023-12-30_21h54m45s,train
2022-10-31_21h48m35s,train
2021-12-06_14h55m46s,train
2021-12-06_14h44m10s,train
2022-10-27_22h05m18s,train
2023-12-08_11h28m27s,train
2023-10-24_00h04m55s,train
2021-04-16_21h49m15s,train
2022-10-27_22h04m03s,train
2023-10-26_00h18m10s,train
2024-02-15_22h30m57s,train
2023-05-19_09h33m01s,train
2022-10-31_21h42m30s,train
2023-08-21_21h32m32s,train
2021-12-21_19h16m18s,train
2023-12-08_11h32m26s,train
2021-09-27_21h29m45s,train
2021-11-30_18h19m37s,train
2023-08-03_18h18m23s,train
2022-07-23_22h43m02s,train
2021-11-18_23h18m10s,train
2023-06-15_18h06m13s,train
2023-12-08_11h33m27s,train
2022-03-28_21h29m44s,train
2023-05-05_10h29m22s,train
2021-12-01_18h44m44s,train
2024-06-12_23h16m29s,train
2021-11-30_17h58m15s,train
2023-10-24_00h05m47s,train
2023-02-10_01h15m22s,train
2023-11-02_03h41m34s,train
2022-11-18_18h21m22s,train
2024-05-26_11h12m55s,train
2023-10-24_00h05m31s,train
2022-12-07_00h50m53s,train
2021-11-18_23h17m50s,train
2023-12-08_11h30m26s,train
2023-08-21_21h13m21s,train
2023-10-24_00h11m37s,train
2024-04-25_00h55m32s,train
2024-02-15_22h00m15s,train
2023-06-06_03h16m27s,train
2022-12-07_00h49m37s,train
2023-10-09_14h49m36s,train
2023-03-03_09h57m15s,train
2023-02-10_01h19m09s,train
2023-02-10_01h17m52s,train
2024-02-05_18h47m45s,train
2023-12-08_11h34m42s,train
2023-02-28_21h18m35s,train
2022-10-12_22h52m07s,train
2023-10-24_00h12m16s,train
2021-11-18_23h17m02s,train
2024-04-25_00h55m22s,train
2023-02-28_21h19m36s,train
2023-10-24_00h05m59s,train
2024-08-26_10h18m16s,train
2022-10-27_17h43m19s,train
2021-12-01_18h16m10s,train
2023-02-08_23h57m08s,train
2024-04-25_00h54m36s,train
2023-08-21_21h13m45s,train
2024-04-29_22h32m19s,train
2023-02-10_01h16m22s,train
2023-10-24_00h06m17s,train
2024-04-29_22h30m37s,train
2023-06-12_17h01m29s,train
2022-12-07_00h57m22s,train
2023-02-28_21h16m03s,train
2023-02-28_21h17m44s,train
2024-02-15_21h59m00s,train
2024-05-26_11h12m08s,train
2023-11-02_03h57m14s,train
2023-02-21_20h23m16s,train
2023-07-12_18h34m10s,train
2023-07-12_16h17m08s,train
2023-06-27_10h08m29s,train
2024-12-07_01h07m57s,train
2023-07-12_16h18m33s,train
2023-07-12_16h23m01s,train
2023-06-05_20h00m03s,train
2022-01-19_02h46m41s,train
2022-10-27_22h03m36s,train
2022-12-07_01h01m06s,train
2024-02-29_03h38m10s,train
2023-02-21_19h54m21s,train
2023-03-27_09h31m56s,train
2023-10-24_00h11m53s,train
2022-09-24_00h16m25s,train
2023-03-29_09h11m19s,train
2023-08-21_21h12m25s,train
2024-05-26_11h11m17s,train
2022-12-07_00h58m07s,train
2022-11-18_18h01m53s,train
2024-08-27_15h06m14s,train
2023-06-26_22h44m14s,train
2023-10-24_00h06m45s,train
2023-06-27_22h50m56s,train
2022-10-25_23h20m53s,train
2024-08-27_15h08m05s,train
2023-07-20_12h22m29s,train
2022-12-07_00h58m45s,train
2023-03-30_03h06m04s,train
2022-12-07_00h51m41s,train
2023-08-01_01h36m21s,train
2024-04-25_00h54m03s,train
2021-11-11_19h49m38s,train
2024-03-27_21h11m49s,train
2024-03-27_21h11m09s,train
2022-10-27_17h42m29s,train
2022-01-18_00h25m47s,train
2023-06-07_16h49m56s,train
2023-02-10_01h15m44s,train
2024-04-25_01h20m03s,train
2024-06-06_19h22m09s,train
2024-08-09_23h34m58s,train
2022-12-07_00h59m28s,train
2024-11-15_20h56m01s,train
2022-10-27_22h13m37s,train
2024-04-25_00h48m53s,train
2023-07-12_00h11m17s,train
2024-07-09_02h41m31s,train
2023-02-21_19h54m06s,train
2023-02-21_20h20m40s,train
2024-04-24_11h20m54s,train
2024-02-19_07h39m02s,train
2023-10-24_00h06m33s,train
2024-02-05_18h46m05s,train
2021-12-16_16h03m58s,train
2024-03-07_16h10m32s,train
2021-11-22_18h04m41s,train
2024-04-25_01h19m34s,train
2024-11-15_20h53m16s,train
2024-03-27_21h04m48s,train
2022-11-18_19h20m40s,train
2023-07-12_15h45m25s,train
2023-02-08_11h57m02s,train
2023-06-15_18h06m40s,train
2024-11-15_20h55m36s,train
2022-11-30_17h25m27s,train
2022-07-11_16h50m37s,train
2022-05-23_15h09m11s,train
2021-10-12_19h00m16s,train
2022-10-25_23h22m47s,train
2023-10-09_14h51m15s,train
2023-03-09_09h09m41s,train
2023-08-21_21h36m51s,train
2022-12-07_01h57m04s,train
2024-11-15_20h54m10s,train
2024-03-27_21h10m30s,train
2021-11-04_12h41m40s,train
2023-07-17_11h52m17s,train
2022-12-07_01h56m07s,train
2023-08-21_21h13m03s,train
2023-06-12_16h48m46s,train
2023-10-24_04h36m26s,train
2023-06-15_19h36m19s,train
2022-02-07_18h14m30s,train
2024-04-25_01h38m16s,train
2023-02-21_20h15m38s,train
2024-11-15_20h54m50s,train
2024-04-07_01h23m16s,train
2021-11-30_18h24m29s,train
2022-11-07_17h16m05s,train
2024-03-27_21h06m29s,train
2023-07-17_11h37m09s,train
2024-04-25_01h34m32s,train
2023-06-12_16h52m51s,train
2024-01-25_07h20m16s,train
2023-06-12_17h03m17s,train
2024-04-25_00h53m16s,train
2021-12-15_23h32m16s,train
2023-10-24_00h10m51s,train
2022-05-23_14h27m35s,train
2023-04-13_09h04m33s,train
2022-06-20_21h10m49s,train
2023-08-01_01h36m04s,train
2023-10-03_11h09m24s,train
2022-12-15_15h55m43s,train
2021-12-16_15h57m43s,train
2021-11-18_20h09m21s,train
2023-12-06_14h57m40s,train
2024-11-15_21h01m47s,train
2024-04-29_22h39m17s,train
2024-03-27_21h09m34s,train
2023-11-07_22h10m04s,train
2022-11-08_22h50m58s,train
2023-08-21_21h01m17s,train
2023-04-14_14h06m36s,train
2023-06-23_16h24m34s,train
2024-01-25_07h20m37s,train
2022-05-23_14h40m53s,train
2024-04-02_18h43m59s,train
2023-10-24_00h11m18s,train
2024-04-29_22h32m58s,train
2024-03-26_16h33m51s,train
2024-12-07_00h33m42s,train
2024-01-25_07h19m55s,train
2024-04-25_01h09m56s,train
2023-04-24_22h39m50s,train
2024-04-25_01h10m33s,train
2023-09-20_20h54m41s,train
2023-02-10_01h04m40s,train
2024-05-31_22h12m50s,train
2023-04-18_14h39m01s,train
2024-08-27_13h56m24s,train
2023-08-23_08h57m23s,train
2024-04-02_18h49m17s,train
2023-06-12_16h51m55s,train
2022-04-22_14h00m05s,train
2022-04-22_13h58m27s,train
2022-10-26_22h47m54s,train
2022-05-30_19h17m45s,train
2023-06-09_23h42m56s,train
2024-06-06_19h08m24s,train
2024-04-25_00h46m13s,train
2023-05-15_20h29m41s,train
2023-05-12_11h52m17s,train
2023-10-18_03h50m36s,train
2022-09-14_16h14m19s,train
2024-09-18_23h55m26s,train
2024-04-10_02h36m38s,train
2023-08-22_00h44m08s,train
2024-11-16_00h58m25s,train
2022-03-01_14h14m00s,train
2024-04-25_01h10m15s,train
2024-04-29_22h41m14s,train
2022-10-12_21h41m54s,train
2023-05-23_20h45m27s,train
2023-08-21_21h10m38s,train
2024-04-25_01h19m02s,train
2024-03-27_21h12m40s,train
2023-04-24_22h31m55s,train
2022-10-31_20h44m32s,train
2023-12-12_09h44m03s,train
2023-02-21_10h22m22s,train
2023-08-22_00h43m44s,train
2022-03-30_19h29m56s,train
2023-09-26_18h24m34s,train
2024-05-20_20h33m35s,train
2022-01-06_23h35m16s,train
2022-11-08_22h54m27s,train
2020-09-03_09h05m00s,train
2020-09-03_09h45m19s,train
2022-12-12_09h28m41s,train
2023-07-17_12h44m04s,train
2023-03-17_09h20m45s,train
2023-10-09_14h48m26s,train
2023-02-20_14h20m20s,train
2023-10-23_23h56m07s,train
2024-02-21_07h52m31s,train
2024-04-25_00h45m33s,train
2024-04-25_01h09m25s,train
2023-03-30_03h06m35s,train
2024-01-05_03h30m38s,train
2023-12-01_17h30m01s,train
2023-12-12_10h06m13s,train
2023-02-21_15h07m37s,train
2023-08-22_00h46m59s,train
2023-12-14_03h05m48s,train
2024-03-07_16h16m32s,train
2023-05-02_13h15m54s,train
2023-10-18_03h48m23s,train
2022-11-08_22h57m04s,train
2023-06-12_16h41m35s,train
2022-12-07_01h02m53s,train
2022-07-13_21h29m52s,train
2021-12-16_20h39m54s,train
2022-12-07_00h52m55s,train
2022-11-18_19h51m02s,train
2023-07-18_11h56m13s,train
2023-06-08_04h01m22s,train
2023-08-31_21h51m28s,train
2022-11-18_18h18m43s,train
2023-07-17_12h39m29s,train
2023-08-11_01h46m25s,train
2023-08-11_01h56m50s,train
2023-08-31_21h47m42s,train
2024-04-29_22h40m50s,train
2023-03-30_03h06m22s,train
2024-01-25_07h22m17s,train
2023-12-12_10h07m02s,train
2023-08-11_19h24m36s,train
2023-12-12_10h06m03s,train
2022-01-13_22h49m28s,train
2024-04-25_00h46m31s,train
2023-02-10_01h19m34s,train
2023-08-31_21h50m18s,train
2024-04-25_00h52m15s,train
2023-12-12_09h44m19s,train
2023-10-09_14h34m11s,train
2023-05-08_09h47m18s,train
2023-12-08_14h04m13s,train
2024-04-25_01h13m53s,train
2021-11-11_17h53m06s,train
2023-08-21_21h41m19s,train
2023-10-23_23h59m04s,train
2024-04-25_01h34m16s,train
2023-04-06_10h05m21s,train
2023-07-20_22h39m40s,train
2023-08-21_20h59m31s,train
2022-01-31_18h58m59s,train
2022-03-22_17h23m47s,train
2023-12-12_09h43m45s,train
2024-06-06_19h26m13s,train
2023-07-17_11h37m14s,train
2022-01-06_23h32m29s,train
2022-07-07_09h50m07s,train
2022-05-23_14h48m18s,train
2023-03-10_13h38m15s,train
2024-04-25_01h39m44s,train
2023-08-21_21h38m09s,train
2021-11-22_18h47m36s,train
2023-08-21_21h12m02s,train
2023-02-10_01h20m48s,train
2023-08-03_02h09m53s,train
2024-04-25_00h43m17s,train
2022-04-22_13h53m22s,train
2023-12-14_03h04m20s,train
2024-01-31_08h29m02s,train
2024-08-10_00h31m07s,train
2023-07-17_11h38m33s,train
2023-04-26_11h34m56s,train
2024-08-10_00h31m11s,train
2022-12-07_01h54m19s,train
2022-08-24_00h20m06s,train
2022-06-11_22h34m57s,train
2022-01-17_22h44m46s,train
2022-11-18_19h43m55s,train
2022-10-26_22h52m51s,train
2022-10-12_22h55m09s,train
2023-07-17_11h37m44s,train
2024-01-25_07h22m42s,train
2024-01-25_07h24m55s,train
2021-05-05_22h21m56s,train
2022-07-07_11h49m23s,train
2022-11-21_21h55m59s,train
2023-07-05_22h19m32s,train
2023-07-21_16h56m10s,train
2024-03-26_16h32m55s,train
2024-04-25_00h46m01s,train
2023-08-21_21h11m42s,train
2024-04-25_01h10m59s,train
2023-08-03_02h04m35s,train
2022-02-24_20h58m45s,train
2023-08-22_00h47m18s,train
2023-06-15_19h37m06s,train
2022-03-13_16h32m25s,train
2023-08-22_00h44m53s,train
2022-10-26_22h48m50s,train
2023-12-14_03h04m40s,train
2022-01-06_23h30m19s,train
2021-11-11_11h49m37s,train
2023-04-06_09h32m12s,train
2023-04-19_09h49m38s,train
2024-08-26_10h15m22s,train
2024-02-21_07h48m49s,train
2024-02-16_08h44m28s,train
2024-03-07_16h36m45s,train
2021-11-18_20h09m55s,train
2023-10-09_14h52m21s,train
2023-06-12_16h56m14s,train
2023-04-19_09h28m19s,train
2024-04-25_00h36m33s,train
2024-11-16_01h09m13s,train
2023-10-24_00h01m23s,train
2022-01-06_23h29m37s,train
2023-09-21_18h37m54s,train
2022-07-11_16h49m49s,train
2022-05-16_10h25m14s,train
2023-10-09_14h38m30s,train
2024-04-25_01h40m07s,train
2021-11-04_12h13m03s,train
2024-06-06_18h32m13s,train
2023-05-03_11h49m47s,train
2023-06-12_16h44m50s,train
2023-08-21_21h30m47s,train
2024-01-25_07h16m49s,train
2022-06-09_18h55m40s,train
2022-12-07_02h08m52s,train
2023-06-26_22h46m34s,train
2024-04-25_00h45m18s,train
2024-03-01_01h50m28s,train
2022-11-18_17h42m17s,train
2024-01-25_07h21m27s,train
2021-09-11_19h49m51s,train
2023-02-10_01h20m26s,train
2024-01-25_07h17m16s,train
2023-08-21_21h11m04s,train
2022-01-06_23h33m23s,train
2023-06-27_00h29m03s,train
2024-11-16_01h07m44s,train
2023-07-12_15h48m48s,train
2022-10-26_22h25m50s,train
2024-04-25_01h03m19s,train
2024-04-29_22h48m23s,train
2024-10-08_23h55m58s,train
2022-05-23_14h46m46s,train
2024-02-11_05h46m51s,train
2024-06-12_22h43m11s,train
2024-04-25_01h11m55s,train
2022-06-11_22h46m38s,train
2022-10-31_21h51m33s,train
2023-01-19_18h41m55s,train
2024-04-25_01h14m47s,train
2023-07-17_11h56m28s,train
2023-02-21_14h48m04s,train
2024-02-11_05h46m32s,train
2022-12-07_02h13m20s,train
2023-01-19_18h36m46s,train
2022-06-11_22h38m49s,train
2023-01-17_22h26m24s,train
2024-04-25_01h04m51s,train
2022-07-16_07h47m31s,train
2023-01-19_18h43m55s,train
2024-11-16_01h09m41s,train
2024-11-16_01h08m29s,train
2024-04-25_00h51m41s,train
2023-07-17_12h38m45s,train
2022-11-30_17h27m25s,train
2022-02-24_20h57m29s,train
2023-02-10_01h19m46s,train
2023-06-06_03h30m59s,train
2023-10-24_06h20m24s,train
2023-02-28_09h38m11s,train
2023-08-22_00h47m53s,train
2024-12-07_01h07m59s,train
2022-03-02_09h12m28s,train
2024-11-16_01h10m05s,train
2023-10-27_15h36m52s,train
2023-08-03_02h08m23s,train
2023-07-17_12h42m47s,train
2023-01-19_18h42m51s,train
2023-03-22_09h05m41s,train
2023-07-18_11h53m52s,train
2023-06-07_05h04m14s,train
2023-06-27_00h29m31s,train
2021-12-16_16h05m40s,train
2022-07-23_22h56m03s,train
2024-10-11_16h27m46s,train
2024-10-10_09h05m36s,train
2023-12-12_09h47m58s,train
2024-01-31_08h30m01s,train
2022-10-31_20h18m40s,train
2024-04-29_22h23m10s,train
2024-03-07_16h16m15s,train
2023-10-04_15h58m41s,train
2022-07-16_08h05m26s,train
2022-03-10_02h44m37s,train
2023-06-07_20h51m49s,train
2022-11-18_17h44m47s,train
2022-06-11_22h26m09s,train
2024-04-29_22h51m32s,train
2023-10-18_03h49m18s,train
2023-06-09_23h44m48s,train
2024-04-25_01h03m03s,train
2023-07-17_11h38m08s,train
2022-12-01_19h17m24s,train
2024-11-16_01h08m45s,train
2024-04-25_01h05m55s,train
2023-10-23_23h55m47s,train
2023-08-03_02h08m53s,train
2024-11-16_01h09m01s,train
2024-04-25_00h56m23s,train
2023-07-17_11h38m12s,train
2024-11-16_01h07m15s,train
2024-11-16_01h00m06s,train
2022-10-25_23h21m33s,train
2024-04-29_22h26m36s,train
2024-11-16_01h04m21s,train
2024-05-31_22h16m12s,train
2024-05-02_20h09m19s,train
2023-12-12_23h13m40s,train
2023-06-15_18h37m21s,train
2022-12-01_19h18m05s,train
2023-06-15_18h29m50s,train
2023-12-12_10h04m22s,train
2023-10-23_23h57m13s,train
2023-07-27_08h46m50s,train
2023-12-12_22h44m56s,train
2023-08-03_02h05m19s,train
2023-08-22_00h46m38s,train
2023-06-27_00h28m49s,train
2024-06-12_22h56m10s,train
2022-10-25_23h18m21s,train
2022-12-07_02h09m41s,train
2023-08-21_21h10m50s,train
2022-05-23_14h47m09s,train
2022-11-18_18h17m02s,train
2024-01-25_07h17m49s,train
2023-03-08_09h10m34s,train
2023-10-09_14h16m33s,train
2022-03-30_18h38m10s,train
2023-06-05_19h56m39s,train
2024-08-10_00h18m04s,train
2024-04-29_22h46m33s,train
2022-07-16_07h55m41s,train
2022-11-21_22h09m16s,train
2022-03-30_19h40m05s,train
2023-06-27_00h17m51s,train
2024-01-25_07h23m51s,train
2023-06-12_17h05m14s,train
2022-06-09_19h04m03s,train
2022-07-16_07h51m15s,train
2022-11-21_23h39m11s,train
2023-06-15_19h49m00s,train
2024-04-25_01h02m39s,train
2023-10-04_16h03m25s,train
2021-12-07_22h31m39s,train
2024-03-07_16h16m43s,train
2022-07-23_22h52m33s,train
2024-04-25_01h35m41s,train
2024-07-12_21h29m37s,train
2022-06-25_19h49m13s,train
2023-12-13_20h35m06s,train
2023-06-15_19h14m01s,train
2024-01-25_07h22m02s,train
2023-12-12_10h07m32s,train
2022-10-31_21h52m30s,train
2023-12-12_23h14m18s,train
2023-06-07_20h42m51s,train
2023-08-01_01h42m22s,train
2023-08-21_21h31m20s,train
2024-04-29_22h24m24s,train
2023-12-12_23h14m03s,train
2022-06-09_18h56m28s,train
2023-01-18_10h17m48s,train
2023-04-05_09h43m10s,train
2022-10-12_18h01m34s,train
2023-11-07_22h11m41s,train
2024-04-29_22h52m48s,train
2024-03-14_19h23m05s,train
2023-08-01_01h43m39s,train
2024-04-29_22h27m12s,train
2022-06-25_19h55m06s,train
2023-12-12_23h12m12s,train
2023-01-19_18h41m28s,train
2017-08-11_08h01m02s,train
2022-07-08_21h30m40s,train
2024-02-11_05h45m27s,train
2023-08-01_01h41m58s,train
2024-02-11_05h47m08s,train
2022-10-12_21h32m28s,train
2024-04-25_01h05m18s,train
2024-03-07_16h35m35s,train
2023-05-03_09h36m02s,train
2022-12-01_19h17m42s,train
2023-03-20_17h26m17s,train
2023-08-03_20h18m05s,train
2023-03-20_17h19m25s,train
2023-03-01_16h06m59s,train
2021-12-02_18h38m53s,train
2022-06-09_20h36m24s,train
2024-04-25_01h37m08s,train
2023-03-31_09h47m41s,train
2023-01-19_18h40m47s,train
2023-12-12_23h12m49s,train
2024-04-29_22h50m59s,train
2021-09-24_17h50m18s,train
2022-11-30_17h28m20s,train
2023-07-17_12h45m34s,train
2023-06-27_00h24m55s,train
2021-11-19_23h36m20s,train
2023-10-23_23h55m16s,train
2023-09-22_19h09m03s,train
2023-06-15_19h43m38s,train
2023-12-12_09h48m29s,train
2022-11-18_19h35m10s,train
2023-08-21_21h31m45s,train
2024-04-25_01h35m02s,train
2022-10-25_23h14m23s,train
2022-11-21_23h21m30s,train
2023-12-12_10h07m54s,train
2023-05-26_21h57m56s,train
2024-04-29_22h28m12s,train
2024-04-29_22h51m54s,train
2021-09-28_12h41m34s,train
2023-04-13_09h56m56s,train
2024-03-07_16h15m42s,train
2023-03-20_17h38m14s,train
2024-01-25_07h19m03s,train
2022-06-09_20h40m16s,train
2023-10-23_23h55m36s,train
2022-07-19_21h35m54s,train
2022-07-23_22h32m20s,train
2022-03-30_19h20m12s,train
2023-07-31_10h33m26s,train
2023-07-17_12h45m13s,train
2022-11-18_18h23m49s,train
2023-05-10_19h58m24s,train
2023-10-23_23h56m51s,train
2023-01-19_18h40m29s,train
2024-03-07_16h11m19s,train
2023-12-08_14h05m19s,train
2024-04-25_00h35m51s,train
2023-06-05_19h41m02s,train
2024-04-25_01h01m59s,train
2023-03-20_17h32m19s,train
2023-12-12_10h17m01s,train
2023-05-01_09h19m53s,train
2022-11-21_22h12m49s,train
2024-04-25_01h36m24s,train
2022-06-11_22h27m57s,train
2023-09-19_21h50m50s,train
2024-03-14_08h39m38s,train
2022-10-26_22h29m50s,train
2023-05-02_09h37m03s,train
2024-11-15_21h04m26s,train
2022-10-31_21h45m30s,train
2022-11-18_19h40m37s,train
2023-05-02_13h17m55s,train
2023-06-15_19h48m32s,train
2024-03-14_19h23m36s,train
2023-07-17_11h37m49s,train
2023-07-17_12h42m43s,train
2022-05-23_15h08m56s,train
2022-05-23_14h46m17s,train
2023-05-01_16h35m17s,train
2024-01-05_03h28m42s,train
2023-09-20_00h42m34s,train
2022-08-18_14h04m18s,train
2023-10-24_00h01m04s,train
2024-04-25_00h49m57s,train
2024-04-25_00h37m39s,train
2021-12-07_22h32m30s,train
2023-04-24_22h29m33s,train
2022-12-07_02h10m45s,train
2022-12-20_09h20m50s,train
2022-11-07_17h26m45s,train
2023-09-13_02h23m27s,train
2023-12-14_20h13m39s,train
2024-03-07_16h17m38s,train
2021-09-24_22h15m05s,train
2024-08-10_00h30m58s,train
2024-04-26_21h15m45s,train
2022-11-21_22h57m17s,train
2023-07-20_12h21m52s,train
2022-04-16_08h18m25s,train
2022-03-10_02h56m21s,train
2024-04-29_22h55m50s,train
2022-09-17_20h44m41s,train
2022-05-16_11h31m22s,train
2023-06-15_19h15m16s,train
2022-11-30_17h32m44s,train
2024-08-10_00h30m36s,train
2021-11-19_23h17m05s,train
2024-04-18_13h40m18s,train
2022-05-23_14h47m55s,train
2022-06-09_18h58m27s,train
2022-07-23_22h51m12s,train
2024-04-29_22h29m52s,train
2022-06-25_19h53m12s,train
2022-05-23_14h29m06s,train
2024-08-10_00h31m01s,train
2024-02-21_07h47m06s,train
2024-06-12_23h37m26s,train
2022-10-27_00h44m30s,train
2023-12-12_22h46m25s,train
2023-10-23_23h59m48s,train
2023-08-03_02h10m45s,train
2023-08-15_15h59m29s,train
2023-12-01_17h30m13s,train
2024-04-25_00h39m00s,train
2023-03-17_20h13m51s,train
2024-04-25_01h07m07s,train
2024-03-14_19h22m44s,train
2024-04-25_00h40m15s,train
2023-06-05_19h31m26s,train
2022-11-07_17h24m34s,train
2022-06-09_20h35m35s,train
2023-06-05_19h29m18s,train
2023-10-18_03h49m40s,train
2024-04-25_01h40m41s,train
2023-12-12_22h46m52s,train
2022-01-06_23h29m16s,train
2022-10-31_19h37m39s,train
2024-04-29_22h55m03s,train
2024-11-15_21h04m11s,train
2023-03-20_17h18m54s,train
2021-11-30_18h17m37s,train
2022-01-07_12h26m14s,train
2022-05-28_03h10m36s,train
2022-04-22_13h50m55s,train
2021-11-19_23h36m37s,train
2023-02-28_21h25m15s,train
2023-08-03_20h18m38s,train
2022-10-31_21h54m26s,train
2022-06-11_22h32m54s,train
2022-04-16_08h18m39s,train
2023-08-03_02h09m04s,train
2022-10-12_21h33m11s,train
2023-06-27_00h27m46s,train
2024-08-10_00h31m04s,train
2023-10-23_23h59m29s,train
2023-02-03_22h25m43s,train
2023-12-12_22h44m26s,train
2023-08-01_01h41m21s,train
2024-04-25_00h41m02s,train
2024-06-12_23h39m09s,train
2021-09-27_22h23m45s,train
2023-10-24_00h00m14s,train
2021-12-17_18h16m21s,train
2023-08-03_02h09m22s,train
2024-03-05_14h20m56s,train
2024-11-15_20h55m12s,train
2024-01-26_23h52m33s,train
2022-05-23_15h09m38s,train
2024-04-25_01h40m47s,train
2021-04-16_22h41m08s,train
2023-07-17_12h41m36s,train
2022-06-09_19h06m46s,train
2023-02-09_00h14m21s,train
2023-12-01_18h05m58s,train
2022-10-31_19h43m29s,train
2024-08-05_11h25m26s,train
2022-03-21_13h17m35s,train
2024-10-21_09h37m40s,train
2023-08-01_01h41m37s,train
2023-04-17_13h23m24s,train
2024-03-04_14h36m48s,train
2023-12-13_00h10m28s,train
2022-07-23_22h54m24s,train
2023-06-15_19h48m05s,train
2023-02-09_00h16m06s,train
2023-03-10_09h10m50s,train
2022-05-23_15h08m26s,train
2024-04-25_00h39m40s,train
2023-06-27_00h51m21s,train
2023-02-09_00h13m15s,train
2022-10-27_00h38m14s,train
2022-10-12_21h35m36s,train
2024-03-14_08h35m08s,train
2024-04-29_22h29m04s,train
2022-06-11_22h41m29s,train
2023-07-17_11h55m23s,train
2024-09-18_23h58m51s,train
2022-11-07_17h18m30s,train
2024-06-12_23h37m28s,train
2023-07-17_11h38m37s,train
2021-09-27_22h29m13s,train
2021-12-14_22h24m37s,train
2021-11-19_23h37m04s,train
2022-10-25_23h17m34s,train
2023-08-24_13h29m24s,train
2023-12-08_14h05m00s,train
2023-06-27_00h52m41s,train
2021-11-04_10h59m58s,train
2022-03-28_11h48m54s,train
2023-07-13_09h06m25s,train
2024-01-25_07h14m53s,train
2023-08-01_01h40m58s,train
2023-08-03_01h52m41s,train
2022-03-28_11h51m48s,train
2022-07-23_22h44m27s,train
2022-10-17_22h29m30s,train
2023-08-03_02h04m57s,train
2021-06-16_18h38m07s,train
2022-11-21_23h43m03s,train
2022-06-09_20h24m10s,train
2023-09-07_09h18m48s,train
2021-12-14_21h49m38s,train
2023-04-18_16h02m22s,train
2024-03-07_16h43m35s,train
2023-09-20_03h15m06s,train
2022-01-07_13h33m50s,train
2021-11-30_18h29m25s,train
2023-02-28_21h24m06s,train
2024-04-25_00h37m07s,train
2024-04-29_22h42m28s,train
2023-05-31_20h11m10s,train
2022-03-16_01h17m03s,train
2023-07-11_10h44m26s,train
2022-11-07_17h31m52s,train
2022-07-23_22h47m12s,train
2023-08-03_02h04m01s,train
2023-02-09_00h13m59s,train
2023-06-15_19h14m47s,train
2024-03-07_16h36m36s,train
2023-07-17_11h56m08s,train
2022-06-11_22h53m48s,train
2023-04-17_02h56m51s,train
2023-02-17_10h06m26s,train
2023-08-29_18h37m21s,train
2023-08-03_01h53m32s,train
2023-03-03_12h35m29s,train
2024-01-25_07h15m29s,train
2024-01-25_07h15m49s,train
2023-06-15_19h24m38s,train
2023-07-13_17h20m05s,train
2022-04-14_10h46m03s,train
2022-05-28_00h22m29s,train
2023-12-14_20h13m46s,train
2023-12-14_20h13m12s,train
2021-11-19_23h25m16s,train
2022-11-21_23h25m13s,train
2022-04-22_13h43m51s,train
2023-07-17_12h39m23s,train
2022-12-19_19h40m54s,train
2024-02-15_09h28m47s,train
2023-08-03_01h54m12s,train
2023-04-24_22h34m53s,train
2024-02-16_08h43m24s,train
2022-09-16_09h16m57s,train
2023-07-13_17h22m16s,train
2023-12-12_22h37m40s,train
2020-12-01_20h16m05s,train
2021-12-01_18h47m36s,train
2022-10-26_22h54m52s,train
2022-06-09_20h28m59s,train
2023-02-09_00h14m36s,train
2023-08-03_01h51m50s,train
2023-03-01_19h28m49s,train
2023-07-17_11h52m22s,train
2024-06-13_09h35m48s,train
2022-12-16_16h08m21s,train
2023-06-15_18h35m36s,train
2024-10-11_08h49m16s,train
2022-11-18_17h45m28s,train
2023-04-24_22h36m34s,train
2023-07-17_12h39m08s,train
2023-02-15_08h58m45s,train
2022-10-26_22h15m48s,train
2022-07-08_21h23m44s,train
2023-06-15_19h25m40s,train
2021-12-06_15h06m14s,train
2021-12-06_14h45m53s,train
2022-12-15_15h55m19s,train
2022-11-15_01h53m05s,train
2023-03-24_14h37m41s,train
2022-11-21_23h27m31s,train
2024-02-20_08h35m00s,train
2024-12-07_01h08m02s,train
2023-02-23_09h27m21s,train
2023-07-25_08h29m36s,train
2023-08-03_02h10m14s,train
2022-07-16_07h52m47s,train
2023-09-13_17h44m51s,train
2022-06-09_20h25m24s,train
2024-02-14_19h05m44s,train
2022-06-11_22h49m31s,train
2022-03-08_08h31m54s,train
2021-12-16_16h04m35s,train
2023-12-12_09h49m03s,train
2023-03-14_10h25m26s,train
2024-03-04_15h20m10s,train
2022-06-11_22h48m25s,train
2022-11-21_23h40m31s,train
2021-11-19_23h09m34s,train
2021-09-27_21h27m38s,train
2023-04-03_08h14m42s,train
2022-07-13_21h27m35s,train
2023-07-17_12h41m52s,train
2023-04-28_09h19m28s,train
2021-09-11_20h05m06s,train
2024-10-21_09h39m41s,train
2021-11-19_23h12m47s,train
2024-03-04_15h19m18s,train
2023-06-15_18h51m36s,train
2023-10-09_14h50m56s,train
2023-03-07_09h12m18s,train
2022-10-26_23h00m08s,train
2024-08-10_00h31m29s,train
2023-03-20_09h22m55s,train
2023-07-17_12h38m41s,train
2024-02-16_14h48m19s,train
2024-03-07_16h42m05s,train
2023-06-15_18h52m35s,train
2022-01-31_18h56m56s,train
2024-02-19_14h49m18s,train
2022-11-18_17h56m22s,train
2023-12-12_10h24m56s,train
2023-06-27_00h53m06s,train
2023-04-24_22h30m21s,train
2021-12-02_18h37m31s,train
2023-08-03_01h52m51s,train
2021-12-15_22h57m19s,train
2022-06-09_20h29m27s,train
2024-01-05_03h27m54s,train
2024-03-07_16h10m53s,train
2024-08-10_00h30m31s,train
2023-06-15_19h21m18s,train
2024-06-12_23h37m30s,train
2023-07-17_12h42m16s,train
2023-05-09_10h13m01s,train
2023-04-03_06h27m43s,train
2022-06-09_20h30m14s,train
2023-07-13_17h18m39s,train
2023-02-28_21h23m10s,train
2021-12-06_17h33m55s,train
2022-04-14_11h08m04s,train
2024-08-10_00h31m19s,train
2023-02-28_21h23m45s,train
2022-10-26_22h59m18s,train
2024-11-04_15h59m41s,train
2022-03-08_20h56m36s,train
2022-06-11_22h21m56s,train
2024-03-07_16h35m25s,train
2022-11-15_01h43m15s,train
2023-04-24_22h16m10s,train
2024-11-15_21h02m07s,train
2023-05-26_21h49m14s,train
2023-12-12_23h14m36s,train
2022-07-23_22h57m09s,train
2023-06-27_00h53m26s,train
2022-06-09_20h31m42s,train
2021-12-14_21h55m09s,train
2023-07-12_18h37m13s,train
2024-03-07_16h10m02s,train
2022-06-11_22h29m46s,train
2023-05-12_11h37m52s,train
2023-08-03_01h52m13s,train
2021-09-11_19h53m29s,train
2024-12-11_19h54m10s,train
2023-07-17_11h56m24s,train
2024-10-31_15h04m27s,train
2021-03-24_09h46m54s,train
2021-09-14_18h48m31s,train
2023-07-13_17h19m23s,train
2023-12-12_22h44m08s,train
2021-04-14_18h06m51s,train
2021-12-16_16h05m09s,train
2023-04-24_22h21m23s,train
2023-03-01_09h29m02s,train
2021-11-19_23h38m38s,train
2024-03-04_15h19m54s,train
2022-06-09_20h26m30s,train
2022-03-28_19h38m27s,train
2021-09-27_21h48m27s,train
2022-04-14_11h11m49s,train
2022-09-16_13h42m31s,train
2022-06-04_01h09m55s,train
2021-11-30_02h30m02s,train
2021-12-16_20h38m54s,train
2024-05-29_16h13m15s,train
2024-10-04_00h20m41s,train
2024-11-09_00h04m19s,train
2021-09-27_19h07m50s,train
2024-12-11_19h55m08s,train
2023-07-17_11h56m03s,train
2022-10-26_22h40m58s,train
2022-10-17_22h26m20s,train
2021-12-02_00h38m38s,train
2023-04-15_01h16m45s,train
2023-04-03_08h11m55s,train
2022-04-04_22h54m13s,train
2023-12-01_18h07m13s,train
2022-04-14_10h58m32s,train
2021-12-06_17h33m29s,train
2024-12-11_20h17m12s,train
2021-12-15_22h39m54s,train
2021-11-04_11h38m42s,train
2021-02-04_17h49m19s,train
2022-07-23_22h48m15s,train
2022-11-07_17h20m49s,train
2022-05-13_17h54m05s,train
2022-06-25_20h02m41s,train
2024-12-11_19h45m16s,train
2023-04-03_08h30m26s,train
2022-06-04_01h11m02s,train
2021-12-01_18h52m36s,train
2022-10-25_23h18m52s,train
2022-10-26_22h18m24s,train
2021-12-07_23h13m07s,train
2023-03-18_10h40m19s,train
2021-12-02_18h38m16s,train
2022-01-31_18h58m27s,train
2023-04-24_22h17m16s,train
2021-12-02_00h37m39s,train
2024-03-07_16h41m18s,train
2022-06-11_22h35m32s,train
2023-12-12_13h10m42s,train
2024-09-18_00h38m23s,train
2023-07-17_11h40m11s,train
2024-12-11_19h53m33s,train
2023-04-24_22h37m46s,train
2023-12-12_22h43m24s,train
2024-12-11_19h56m05s,train
2021-09-09_22h15m52s,train
2023-04-24_20h53m49s,train
2023-12-12_13h11m44s,train
2024-12-11_19h54m38s,train
2024-12-11_20h18m08s,train
2024-12-11_19h47m41s,train
2023-12-08_14h04m27s,train
2023-02-17_10h02m34s,train
2024-03-07_16h36m21s,train
2024-12-11_19h51m00s,train
2023-09-07_13h11m13s,train
2022-05-18_01h14m25s,train
2022-12-15_15h53m33s,train
2021-12-01_18h22m22s,train
2024-10-12_22h27m03s,train
2023-12-12_13h12m28s,train
2023-05-10_20h07m41s,train
2022-10-26_22h16m55s,train
2022-06-11_22h42m52s,train
2024-12-19_12h28m53s,train
2022-07-23_22h57m20s,train
2024-05-02_20h59m37s,train
2023-06-15_19h25m07s,train
2022-10-27_00h41m43s,train
2023-12-12_22h36m43s,train
2022-05-13_18h30m05s,train
2023-12-12_22h36m12s,train
2024-10-28_11h50m56s,train
2021-12-10_22h01m33s,train
2024-12-11_19h53m09s,train
2022-05-23_14h50m59s,train
2023-02-21_10h54m55s,train
2022-02-17_03h37m29s,train
2024-03-07_16h42m28s,train
2023-12-12_13h13m30s,train
2022-10-26_23h02m35s,train
2022-04-16_08h22m39s,train
2024-12-11_20h29m28s,train
2023-07-13_17h10m10s,train
2024-02-05_22h26m43s,train
2024-03-25_12h21m08s,train
2024-12-11_19h57m13s,train
2022-07-13_21h28m10s,train
2022-04-29_00h45m20s,train
2023-05-10_21h49m58s,train
2022-03-28_11h51m46s,train
2021-09-11_20h16m34s,train
2021-12-17_17h50m52s,train
2021-11-19_23h24m54s,train
2022-10-26_22h15m00s,train
2024-12-11_20h19m26s,train
2024-12-11_20h17m31s,train
2024-12-11_20h36m24s,train
2023-06-15_19h22m56s,train
2022-07-16_07h42m33s,train
2024-10-29_03h32m04s,train
2021-02-11_10h43m26s,train
2022-10-31_22h28m04s,train
2023-06-15_18h35m19s,train
2024-08-14_04h01m51s,train
2023-06-12_15h09m12s,train
2024-02-05_22h24m16s,train
2024-12-11_20h18m40s,train
2022-10-12_21h39m25s,train
2024-12-11_19h57m28s,train
2023-05-24_16h41m03s,train
2024-12-19_12h28m03s,train
2022-10-26_22h31m39s,train
2022-12-15_13h00m43s,train
2024-02-20_01h53m31s,train
2022-04-16_08h22m12s,train
2024-12-11_19h54m23s,train
2024-10-28_08h48m28s,train
2023-07-12_18h37m52s,train
2023-07-17_12h41m56s,train
2024-03-07_16h41m53s,train
2022-10-26_22h46m56s,train
2022-07-23_22h49m15s,train
2024-02-05_22h22m15s,train
2023-11-26_13h35m06s,train
2023-02-24_14h53m26s,train
2023-04-06_09h26m10s,train
2024-03-07_16h43m26s,train
2021-12-15_22h37m28s,train
2023-12-12_22h36m28s,train
2023-12-12_13h09m40s,train
2021-12-02_18h40m59s,train
2022-05-23_14h50m02s,train
2024-12-11_20h30m40s,train
2024-03-01_16h12m06s,train
2023-04-19_15h09m31s,train
2023-05-02_13h15m11s,train
2022-04-05_01h59m18s,train
2022-01-31_18h55m13s,train
2021-12-14_22h11m44s,train
2023-11-13_21h51m54s,train
2021-12-14_22h50m36s,train
2023-06-15_19h22m12s,train
2024-12-11_19h55m22s,train
2021-12-02_18h39m28s,train
2024-10-25_08h45m14s,train
2022-06-11_22h42m21s,train
2023-04-24_20h55m49s,train
2024-03-04_15h21m01s,train
2023-11-13_21h52m44s,train
2023-06-15_19h13m22s,train
2024-12-11_20h30m51s,train
2023-12-08_14h04m44s,train
2024-06-19_19h36m52s,train
2024-12-11_20h23m49s,train
2021-09-27_19h25m12s,train
2022-04-14_14h45m46s,train
2023-09-07_06h10m42s,train
2023-02-24_01h14m23s,train
2021-04-14_18h12m56s,train
2022-07-16_07h59m11s,train
2024-03-07_16h43m15s,train
2022-10-31_19h30m10s,train
2023-12-12_22h35m59s,train
2022-04-16_08h23m12s,train
2024-11-05_12h30m04s,train
2023-12-08_14h03m53s,train
2024-12-11_20h20m53s,train
2021-12-10_20h57m39s,train
2021-12-01_18h08m03s,train
2022-04-14_14h44m15s,train
2023-08-03_02h01m53s,train
2022-05-23_14h49m45s,train
2022-12-15_15h54m07s,train
2023-04-24_20h59m42s,train
2023-02-21_15h15m12s,train
2022-12-19_19h41m24s,train
2024-03-07_16h17m11s,train
2023-06-02_23h41m00s,train
2023-08-01_19h06m20s,train
2022-04-16_08h21m49s,train
2022-03-14_18h29m23s,train
2023-09-13_01h23m07s,train
2024-12-11_20h22m52s,train
2023-06-27_00h54m27s,train
2023-05-26_22h01m31s,train
2023-06-27_00h53m58s,train
2022-03-14_17h57m51s,train
2022-03-28_11h48m50s,train
2023-06-27_00h52m18s,train
2023-09-06_15h29m14s,train
2021-09-11_20h43m22s,train
2022-07-16_07h37m03s,train
2022-07-16_07h29m19s,train
2024-10-02_15h03m19s,train
2023-07-13_17h14m49s,train
2022-10-26_22h29m18s,train
2022-04-11_21h04m05s,train
2024-12-11_19h57m42s,train
2022-11-07_17h31m26s,train
2022-01-31_18h54m49s,train
2021-10-28_00h20m29s,train
2024-12-11_20h31m15s,train
2023-04-15_01h13m01s,train
2024-11-05_10h06m17s,train
2022-10-26_22h57m04s,train
2021-11-22_20h00m41s,train
2023-02-17_10h06m17s,train
2022-11-21_23h06m51s,train
2023-05-26_22h00m03s,train
2022-03-16_18h46m57s,train
2023-05-17_08h38m26s,train
2022-10-31_22h34m54s,train
2021-12-10_20h27m46s,train
2023-02-17_21h54m59s,train
2023-08-03_02h02m00s,train
2022-11-21_23h37m01s,train
2024-12-11_20h15m20s,train
2024-10-21_13h12m02s,train
2022-04-11_10h26m29s,train
2023-12-12_13h08m54s,train
2021-10-11_22h02m30s,train
2022-06-25_20h04m20s,train
2024-12-11_20h16m25s,train
2023-04-07_20h11m34s,train
2022-12-19_09h18m59s,train
2024-10-28_08h49m48s,train
2024-12-11_20h14m33s,train
2024-12-19_10h25m05s,train
2022-07-16_07h57m12s,train
2023-02-17_21h54m01s,train
2024-12-11_20h28m41s,train
2021-09-11_20h45m11s,train
2022-10-26_22h22m32s,train
2022-07-07_09h50m35s,train
2023-02-17_02h51m29s,train
2021-12-15_22h16m00s,train
2023-09-01_05h13m06s,train
2024-03-04_15h20m23s,train
2024-12-11_19h56m44s,train
2022-07-16_07h15m48s,train
2022-07-16_08h00m45s,train
2023-02-20_14h21m09s,train
2022-06-25_19h56m30s,train
2024-12-11_20h21m49s,train
2023-07-14_16h49m20s,train
2022-10-27_00h45m17s,train
2022-01-31_18h53m11s,train
2021-12-10_21h01m39s,train
2023-03-10_18h41m15s,train
2022-09-15_03h34m59s,train
2022-06-23_00h40m29s,train
2021-12-07_23h10m17s,train
2023-04-12_09h26m08s,train
2023-08-01_08h36m40s,train
2022-04-16_08h22m38s,train
2023-08-01_19h02m02s,train
2023-07-26_09h21m13s,train
2022-11-07_17h32m15s,train
2023-07-13_17h22m37s,train
2024-12-11_20h36m07s,train
2022-03-28_11h56m02s,train
2024-03-07_16h42m52s,train
2023-02-22_08h48m24s,train
2023-05-17_14h00m17s,train
2024-03-07_16h43m07s,train
2023-07-13_17h16m07s,train
2023-08-03_02h11m25s,train
2022-10-17_15h53m36s,train
2023-02-24_11h58m32s,train
2025-08-25_21h41m26s,train
2021-11-25_11h10m32s,train
2023-08-03_02h01m37s,train
2023-07-31_07h24m15s,train
2022-06-04_01h13m31s,train
2022-03-28_11h56m06s,train
2024-12-11_20h27m27s,train
2022-06-25_20h06m35s,train
2024-12-11_20h29m41s,train
2024-12-11_20h31m03s,train
2023-02-24_17h47m14s,train
2023-02-24_01h34m00s,train
2023-10-09_14h29m18s,train
2023-05-10_21h07m23s,train
2023-09-12_02h11m49s,train
2023-11-01_11h33m19s,train
2022-08-30_18h23m39s,train
2023-07-13_17h19m44s,train
2024-03-07_16h44m10s,train
2024-12-11_20h23m35s,train
2022-05-23_14h51m14s,train
2022-10-18_15h33m11s,train
2023-04-19_03h51m13s,train
2023-04-18_15h33m49s,train
2024-12-11_20h26m31s,train
2022-10-31_21h29m06s,train
2023-02-24_08h56m57s,train
2024-12-11_20h30m16s,train
2024-12-11_20h29m03s,train
2023-09-07_13h18m50s,train
2023-02-17_02h53m27s,train
2022-06-09_20h32m28s,train
2022-10-18_15h32m39s,train
2024-12-11_20h15m32s,train
2024-12-19_12h28m30s,train
2024-12-11_20h28m53s,train
2023-08-25_16h10m50s,train
2021-12-27_02h45m21s,train
2021-12-24_07h18m40s,train
2022-05-18_01h15m37s,train
2022-01-31_18h52m15s,train
2022-10-17_15h50m46s,train
2023-09-07_11h22m29s,train
2023-05-08_13h39m16s,train
2022-10-29_05h44m48s,train
2022-10-17_15h52m54s,train
2024-12-11_20h22m40s,train
2022-06-11_22h46m07s,train
2023-10-09_14h28m20s,train
2023-05-10_20h03m32s,train
2024-08-23_15h23m31s,train
2022-05-23_14h50m42s,train
2022-09-17_20h36m06s,train
2022-06-25_19h49m59s,train
2023-09-12_17h08m06s,train
2022-07-16_07h24m32s,train
2024-12-19_10h29m23s,train
2022-05-16_11h22m05s,train
2022-07-16_08h03m42s,train
2024-12-11_20h34m19s,train
2023-04-24_22h08m37s,train
2022-11-03_21h15m04s,train
2022-07-16_07h54m08s,train
2022-07-16_07h35m23s,train
2022-10-17_16h00m47s,train
2022-02-17_03h35m24s,train
2021-09-15_19h27m06s,train
2022-03-15_20h49m16s,train
2022-06-04_01h14m18s,train
2021-11-30_17h43m09s,train
2024-07-29_22h13m04s,train
2022-06-25_19h56m54s,train
2021-12-10_20h41m09s,train
2022-06-04_00h46m51s,train
2023-08-25_16h51m51s,train
2022-10-21_10h10m16s,train
2022-05-27_22h54m58s,train
2023-12-12_22h43m48s,train
2023-02-24_00h56m10s,train
2021-12-16_15h58m50s,train
2022-04-16_08h23m31s,train
2022-10-17_15h51m15s,train
2023-07-05_10h22m28s,train
2024-07-29_21h53m47s,train
2022-04-11_10h31m36s,train
2024-12-11_20h31m58s,train
2023-07-13_17h05m08s,train
2022-05-28_00h14m09s,train
2024-12-11_20h32m12s,train
2022-10-17_15h58m17s,train
2022-10-17_15h52m19s,train
2024-12-11_20h31m29s,train
2022-11-21_22h54m09s,train
2024-03-07_16h10m16s,train
2022-10-17_15h50m33s,train
2024-12-11_20h31m42s,train
2022-10-17_22h30m28s,train
2023-09-11_22h42m13s,train
2023-06-06_16h03m49s,train
2022-10-21_10h11m25s,train
2023-09-12_23h10m19s,train
2022-06-25_20h08m30s,train
2021-11-10_04h48m47s,train
2021-09-11_20h29m46s,train
2022-04-11_10h24m59s,train
2022-06-03_20h06m46s,train
2022-11-21_23h17m14s,train
2024-12-11_20h22m03s,train
2022-10-18_15h33m01s,train
2023-07-28_17h21m49s,train
2024-03-07_16h35m44s,train
2024-02-27_03h49m35s,train
2023-05-31_19h01m23s,train
2024-12-11_20h30m05s,train
2023-05-03_09h35m25s,train
2023-02-17_10h17m06s,train
2021-10-19_17h14m44s,train
2024-03-04_10h19m16s,train
2022-10-17_15h53m30s,train
2025-08-26_19h22m48s,train
2023-04-14_03h40m59s,train
2022-04-03_20h36m28s,train
2022-04-16_08h23m55s,train
2024-06-05_13h28m26s,train
2023-02-24_00h49m18s,train
2024-07-15_10h22m30s,train
2024-03-19_17h08m03s,train
2024-02-29_14h35m49s,train
2021-09-15_20h25m03s,train
2025-08-25_20h09m33s,train
2024-02-20_01h49m35s,train
2022-10-17_15h58m32s,train
2022-07-16_07h41m50s,train
2022-07-16_07h14m38s,train
2022-07-16_07h38m57s,train
2025-08-27_01h09m52s,train
2024-12-11_20h41m04s,train
2024-12-11_20h32m24s,train
2023-02-17_10h17m17s,train
2024-07-29_22h15m17s,train
2024-10-14_18h04m22s,train
2024-10-15_09h14m56s,train
2024-12-11_20h29m14s,train
2024-05-29_05h20m32s,train
2022-10-17_15h52m35s,train
2024-07-29_22h13m19s,train
2024-02-29_14h05m31s,train
2022-10-17_15h53m01s,train
2024-03-07_16h43m49s,train
2021-12-13_07h32m45s,train
2022-10-18_15h32m56s,train
2021-12-10_20h33m03s,train
2024-05-29_16h40m54s,train
2024-06-26_03h56m41s,train
2024-03-01_11h41m21s,train
2022-10-18_15h32m51s,train
2021-09-15_20h16m13s,train
2022-10-17_15h51m37s,train
2022-01-31_21h43m34s,train
2024-07-29_22h04m26s,train
2024-12-19_10h24m37s,train
2022-01-31_21h54m57s,train
2022-02-14_23h06m50s,train
2022-07-16_07h49m38s,train
2022-03-15_20h47m52s,train
2024-07-29_22h13m57s,train
2021-11-22_19h41m06s,train
2022-10-17_16h00m41s,train
2022-03-28_11h56m07s,train
2022-02-17_14h13m03s,train
2021-11-05_20h59m46s,train
2022-03-16_18h47m58s,train
2024-03-11_16h53m05s,train
2024-03-11_10h53m57s,train
2022-10-21_10h12m09s,train
2024-07-29_21h54m02s,train
2023-06-09_11h28m27s,train
2024-12-11_20h29m53s,train
2021-09-15_20h16m40s,train
2022-10-26_22h45m52s,train
2022-10-26_21h25m34s,train
2023-11-27_04h07m54s,train
2022-02-17_03h36m40s,train
2024-07-29_22h16m03s,train
2023-05-15_20h38m06s,train
2021-12-10_00h00m38s,train
2023-11-27_04h08m07s,train
2024-12-11_20h40m21s,train
2023-06-27_22h58m01s,train
2022-03-28_11h56m04s,train
2022-06-25_19h51m09s,train
2022-02-14_23h10m11s,train
2022-06-03_20h08m04s,train
2023-10-16_12h53m24s,train
2023-03-18_08h26m30s,train
2022-10-17_15h53m45s,train
2023-06-30_07h50m29s,train
2024-04-30_09h42m06s,train
2022-10-17_15h51m20s,train
2021-11-05_21h01m35s,train
2024-07-29_22h13m45s,train
2024-12-11_20h32m53s,train
2022-05-09_20h40m36s,train
2023-07-05_10h22m57s,train
2024-07-29_22h05m15s,train
2022-11-03_21h13m09s,train
2023-10-09_14h20m15s,train
2022-10-17_15h52m28s,train
2024-12-11_20h41m17s,train
2022-10-17_16h00m33s,train
2023-02-24_00h47m55s,train
2024-03-07_16h41m00s,train
2024-07-29_22h16m47s,train
2022-10-17_16h00m26s,train
2024-07-29_22h16m33s,train
2024-07-29_22h04m10s,train
2022-10-18_15h34m47s,train
2024-12-11_20h39m57s,train
2022-10-17_15h59m39s,train
2023-04-24_22h12m23s,train
2022-10-17_15h53m07s,train
2024-11-07_01h51m05s,train
2022-06-28_00h22m56s,train
2022-10-18_15h33m06s,train
2022-10-17_15h59m46s,train
2024-10-10_15h16m01s,train
2023-07-05_10h23m23s,train
2022-10-17_15h51m54s,train
2023-02-22_13h30m46s,train
2022-04-11_10h23m28s,train
2023-10-13_16h21m33s,train
2022-10-17_16h00m13s,train
2024-07-29_22h16m20s,train
2024-02-19_05h43m55s,train
2022-10-31_22h02m23s,train
2022-04-11_10h43m23s,train
2022-10-18_15h34m26s,train
2023-11-27_04h08m21s,train
2024-07-29_21h54m19s,train
2022-10-17_15h59m26s,train
2023-02-23_22h46m15s,train
2022-10-18_15h34m42s,train
2024-02-20_01h54m41s,train
2023-09-10_07h41m35s,train
2023-02-17_10h17m31s,train
2022-10-17_15h53m16s,train
2024-07-29_22h03m58s,train
2024-07-29_21h50m25s,train
2022-10-18_15h34m16s,train
2024-11-04_15h00m28s,train
2024-11-04_16h08m58s,train
2024-07-29_22h05m27s,train
2024-12-02_10h22m51s,train
2022-10-18_15h34m31s,train
2023-11-27_04h08m17s,train
2024-01-16_21h50m01s,train
2024-02-20_01h48m46s,train
2021-11-10_08h09m47s,train
2024-07-29_21h57m49s,train
2021-11-04_17h13m57s,train
2023-02-24_00h37m17s,train
2023-09-20_09h58m07s,train
2022-06-02_19h39m34s,train
2024-12-11_20h46m04s,train
2024-02-20_01h41m56s,train
2024-12-11_20h37m35s,train
2022-08-08_23h36m43s,train
2023-11-27_04h08m13s,train
2024-07-29_22h03m06s,train
2023-03-18_06h32m37s,train
2022-10-26_21h26m51s,train
2022-10-26_21h30m03s,train
2022-10-17_16h00m06s,train
2021-09-11_20h48m42s,train
2022-10-21_10h11m54s,train
2022-06-03_20h08m52s,train
2024-11-05_02h32m52s,train
2024-07-29_22h04m39s,train
2024-02-20_01h55m56s,train
2023-04-18_17h36m19s,train
2022-03-16_20h28m33s,train
2022-04-07_02h40m42s,train
2023-04-04_13h49m46s,train
2022-05-26_00h41m52s,train
2024-03-26_16h26m16s,train
2024-02-20_01h46m58s,train
2024-01-26_21h13m34s,train
2024-07-29_21h53m28s,train
2022-10-17_15h59m14s,train
2022-07-08_21h54m24s,train
2023-11-27_04h08m34s,train
2024-12-11_20h38m23s,train
2022-10-21_10h11m42s,train
2024-02-20_01h45m20s,train
2023-06-16_10h46m46s,train
2022-10-21_10h10m51s,train
2022-10-21_10h11m31s,train
2024-02-20_01h42m42s,train
2023-07-04_10h26m22s,train
2023-02-23_22h43m42s,train
2021-11-04_17h12m10s,train
2024-12-11_20h37m59s,train
2023-06-07_17h03m43s,train
2022-05-28_00h04m11s,train
2022-10-21_10h11m36s,train
2024-02-20_01h38m59s,train
2022-06-23_09h37m11s,train
2024-08-14_04h04m06s,train
2024-03-21_17h15m07s,train
2023-01-19_20h59m24s,train
2024-12-11_20h38m52s,train
2022-10-18_15h34m21s,train
2023-06-07_13h28m32s,train
2023-02-17_10h08m13s,train
2022-06-04_01h05m48s,train
2024-06-25_08h14m48s,train
2022-10-21_10h10m46s,train
2022-05-31_10h26m09s,train
2024-12-11_20h38m11s,train
2024-10-21_13h14m26s,train
2022-03-16_00h52m31s,train
2024-12-24_03h56m04s,train
2024-03-04_10h26m27s,train
2022-05-30_20h18m04s,train
2022-10-21_10h10m29s,train
2024-07-09_11h56m00s,train
2024-02-07_16h21m03s,train
2021-12-03_23h38m06s,train
2023-06-16_11h48m35s,train
2024-07-29_21h55m03s,train
2023-11-27_04h09m11s,train
2024-12-11_20h45m04s,train
2022-10-21_10h10m21s,train
2023-06-02_11h54m37s,train
2023-06-02_11h23m03s,train
2022-04-07_10h47m27s,train
2024-12-11_20h44m27s,train
2022-04-07_11h16m13s,train
2023-10-09_14h17m53s,train
2022-11-01_04h00m14s,train
2019-06-06_22h03m51s,train
2023-11-27_04h08m38s,train
2024-06-25_08h17m12s,train
2024-12-21_08h00m01s,train
2022-05-31_10h26m26s,train
2023-06-15_12h53m10s,train
2024-12-06_04h01m39s,train
2024-12-11_20h44m42s,train
2024-03-12_10h10m26s,train
2023-11-27_04h08m51s,train
2024-06-25_11h23m24s,train
2024-12-11_20h42m53s,train
2023-01-18_15h42m25s,train
2022-05-28_00h04m50s,train
2024-12-11_20h45m29s,train
2022-10-21_10h10m40s,train
2024-06-26_03h54m35s,train
2023-11-27_04h09m03s,train
2023-11-27_04h08m31s,train
2024-06-04_15h54m59s,train
2023-07-22_09h50m03s,train
2024-12-11_20h40m48s,train
2024-06-26_03h47m05s,train
2022-10-21_10h10m34s,train
2023-11-27_04h08m27s,train
2024-12-11_20h46m16s,train
2023-11-26_15h23m09s,train
2024-06-28_07h10m21s,train
2024-03-21_17h13m08s,train
2023-11-27_04h08m45s,train
2023-11-27_04h09m18s,train
2024-07-01_09h59m02s,train
2023-11-26_15h57m42s,train
2024-07-12_07h18m29s,train
2021-12-02_15h44m19s,train
2024-10-24_05h34m29s,train
2024-12-11_20h44m53s,train
2024-12-20_03h46m30s,train
2024-12-11_20h45m16s,train
2023-11-27_04h08m59s,train
2023-11-27_04h09m07s,train
2022-08-11_12h43m53s,train
2024-12-11_20h45m53s,train
2024-12-11_20h46m28s,train
2024-12-11_20h41m56s,train
2023-11-27_04h09m15s,train
2023-11-27_04h08m41s,train
2022-03-04_10h05m05s,train
2024-11-14_15h48m26s,train
2024-12-20_03h49m02s,train
2022-03-04_11h34m22s,train
2022-10-25_05h15m40s,train
2023-04-11_07h11m43s,train
2023-08-01_08h47m46s,train
2021-11-05_21h04m10s,train
2021-12-19_23h24m50s,train
2024-12-11_20h42m36s,train
2021-12-21_01h55m12s,train
2022-11-01_04h10m25s,train
2024-12-11_20h41m42s,train
2022-04-07_11h16m24s,train
2024-12-20_03h39m31s,train
2024-06-25_11h22m17s,train
2023-02-23_22h40m19s,train
2023-08-09_06h11m51s,train
2023-09-07_05h52m50s,train
2023-09-06_15h05m57s,train
2024-07-29_22h21m02s,train
2024-12-20_03h56m59s,train
2021-12-21_01h14m46s,train
2021-01-06_21h19m55s,train
2024-12-11_20h43m18s,train
2024-12-11_20h44m02s,train
2024-07-29_22h20m45s,train
2024-12-11_20h45m41s,train
2024-07-29_22h20m31s,train
2024-09-26_23h57m31s,train
2024-12-20_04h11m47s,train
2022-03-04_09h19m57s,train
2024-07-29_22h23m54s,train
2024-12-20_04h36m36s,train
2024-12-11_20h42m21s,train
2024-07-29_22h19m45s,train
2024-07-29_22h19m26s,train
2024-09-27_00h08m08s,train
2023-02-23_22h23m18s,train
2023-02-23_22h32m58s,train
2024-09-27_00h20m26s,train
2022-05-30_10h18m15s,train
2022-04-07_05h30m15s,train
2022-04-07_05h16m37s,train
2019-10-29_21h32m37s,train
2023-03-20_07h35m39s,train
2024-08-23_15h02m38s,train
2023-12-22_10h06m20s,train
2024-09-27_18h26m04s,train
2022-08-30_00h14m07s,train
2022-08-29_22h13m30s,train
2022-08-30_18h05m31s,train
2024-09-28_15h43m16s,train
2024-12-20_19h14m13s,train
2024-07-09_11h15m26s,train
2021-09-14_18h57m03s,train
2022-08-25_23h56m13s,train
2022-08-24_19h47m17s,train
2023-06-22_23h25m58s,train
2024-06-05_11h00m29s,train
2022-08-30_00h07m11s,train
2024-10-28_00h45m48s,train
2024-10-09_18h50m05s,train
2024-07-05_13h43m16s,train
2022-08-29_22h01m38s,train
2022-08-30_17h14m16s,train
2022-08-29_22h21m50s,train
2022-08-29_23h26m38s,train
2024-02-20_01h54m01s,train
2024-02-02_00h29m28s,val
2023-09-20_10h59m53s,val
2023-03-10_19h33m25s,val
2023-05-23_06h42m40s,val
2023-09-07_13h13m19s,val
2022-07-11_16h03m35s,val
2022-07-11_16h05m49s,val
2022-03-09_19h12m43s,val
2025-08-22_03h08m23s,val
2023-09-28_11h13m13s,val
2024-10-26_04h01m43s,val
2023-08-15_17h20m52s,val
2023-06-27_23h39m21s,val
2023-12-07_11h09m53s,val
2023-12-19_13h02m39s,val
2024-06-12_15h48m52s,val
2024-12-21_08h36m39s,val
2022-11-18_18h34m11s,val
2023-06-26_15h47m41s,val
2023-08-30_10h21m45s,val
2024-05-20_20h36m32s,val
2024-04-12_09h56m37s,val
2024-12-07_00h33m08s,val
2023-06-05_19h42m45s,val
2024-12-07_01h16m31s,val
2023-08-03_18h20m46s,val
2023-08-30_03h29m54s,val
2022-03-03_09h34m18s,val
2024-03-31_06h16m40s,val
2020-08-11_15h03m07s,val
2023-12-19_19h06m09s,val
2022-11-18_18h30m51s,val
2023-08-03_16h55m24s,val
2021-10-22_19h09m03s,val
2022-12-16_17h08m13s,val
2023-08-03_16h56m49s,val
2024-02-19_14h05m01s,val
2023-07-20_22h42m04s,val
2024-02-15_23h49m27s,val
2023-03-28_20h55m56s,val
2022-11-18_17h43m44s,val
2021-12-21_20h29m07s,val
2023-06-05_19h31m23s,val
2024-08-13_23h23m56s,val
2021-06-16_17h38m05s,val
2024-01-17_16h42m56s,val
2023-11-06_17h17m53s,val
2023-05-23_11h25m30s,val
2023-11-07_22h23m18s,val
2023-06-13_22h45m34s,val
2024-06-12_22h49m10s,val
2023-10-09_14h40m16s,val
2022-10-25_23h22m08s,val
2022-12-12_14h45m40s,val
2023-10-18_03h46m17s,val
2023-10-26_00h21m35s,val
2021-12-01_13h25m50s,val
2021-09-27_21h46m14s,val
2022-10-26_21h32m03s,val
2022-01-25_08h08m02s,val
2022-09-24_00h10m42s,val
2024-10-03_20h18m08s,val
2023-10-09_14h41m12s,val
2023-09-18_14h44m26s,val
2024-04-25_00h55m09s,val
2023-11-02_07h45m13s,val
2022-10-12_22h52m29s,val
2024-04-25_00h54m19s,val
2022-04-22_13h57m25s,val
2023-07-20_12h23m45s,val
2022-01-06_23h29m58s,val
2024-03-27_21h05m57s,val
2022-01-06_23h31m13s,val
2023-08-31_21h50m47s,val
2022-10-12_22h53m20s,val
2024-10-31_15h04m51s,val
2023-08-21_21h07m24s,val
2022-10-12_22h54m20s,val
2023-10-24_00h01m43s,val
2024-04-25_00h53m43s,val
2024-04-25_01h15m29s,val
2024-06-06_18h57m58s,val
2022-11-18_20h04m21s,val
2022-12-07_01h53m57s,val
2024-08-10_00h31m15s,val
2022-06-09_19h02m47s,val
2024-10-08_23h45m06s,val
2024-06-06_19h03m38s,val
2023-12-12_10h05m27s,val
2023-12-12_10h05m03s,val
2023-07-07_08h48m35s,val
2023-03-20_17h26m57s,val
2022-03-30_18h56m35s,val
2022-10-12_18h07m18s,val
2024-04-29_22h47m13s,val
2024-01-05_03h27m19s,val
2024-04-25_00h50m21s,val
2022-11-21_23h18m11s,val
2021-12-15_15h43m38s,val
2024-03-07_16h36m06s,val
2024-06-06_19h16m21s,val
2023-07-17_11h39m13s,val
2023-10-24_00h00m24s,val
2023-06-05_19h28m19s,val
2023-05-31_10h36m41s,val
2022-06-11_22h24m24s,val
2024-10-14_17h47m19s,val
2023-08-03_02h03m43s,val
2023-06-05_19h30m04s,val
2024-04-25_00h42m32s,val
2023-07-17_12h45m19s,val
2023-07-17_12h39m03s,val
2023-08-03_01h50m40s,val
2022-04-16_08h17m46s,val
2022-06-11_22h18m44s,val
2021-09-27_22h16m04s,val
2023-02-28_21h24m51s,val
2024-04-18_20h36m10s,val
2021-12-15_22h54m29s,val
2023-08-22_08h47m51s,val
2024-03-07_16h35m57s,val
2021-09-11_20h26m19s,val
2024-12-07_01h08m00s,val
2021-09-11_20h00m35s,val
2022-06-25_19h48m26s,val
2021-11-30_18h08m54s,val
2021-12-02_00h34m13s,val
2024-03-07_16h16m52s,val
2023-04-24_22h18m36s,val
2021-12-17_17h55m10s,val
2021-12-01_18h49m56s,val
2024-12-11_19h57m56s,val
2022-04-16_08h18m07s,val
2021-09-09_22h13m47s,val
2023-07-13_17h18m59s,val
2024-12-11_20h14m18s,val
2021-12-10_22h06m18s,val
2022-03-26_19h16m18s,val
2023-06-02_09h42m00s,val
2023-08-09_09h14m18s,val
2021-09-11_20h39m45s,val
2023-02-27_08h56m17s,val
2022-04-14_15h07m57s,val
2023-02-22_20h34m02s,val
2022-06-04_01h12m33s,val
2023-09-12_01h11m29s,val
2022-10-17_15h58m25s,val
2021-11-04_16h59m15s,val
2022-03-16_18h46m08s,val
2024-12-11_20h07m40s,val
2024-05-26_23h00m23s,val
2024-07-29_21h55m34s,val
2022-10-17_16h00m53s,val
2024-07-29_22h15m49s,val
2024-03-26_16h25m54s,val
2023-04-11_09h18m25s,val
2024-07-29_21h52m31s,val
2022-10-17_15h59m58s,val
2024-12-11_20h40m35s,val
2024-07-29_21h52m53s,val
2022-05-18_02h21m59s,val
2024-12-11_20h38m39s,val
2024-11-07_01h47m04s,val
2024-07-12_04h03m29s,val
2022-10-21_10h12m03s,val
2022-01-07_13h40m11s,val
2023-06-15_12h31m18s,val
2022-03-16_20h27m43s,val
2024-12-11_20h39m43s,val
2022-11-01_04h11m13s,val
2022-04-07_10h47m40s,val
2022-08-29_23h12m52s,val
2023-10-05_15h23m33s,test
2024-06-12_15h32m57s,test
2023-06-20_13h44m18s,test
2023-08-22_00h23m31s,test
2024-12-08_23h19m43s,test
2022-01-31_08h54m51s,test
2024-02-15_20h25m33s,test
2023-10-09_12h20m59s,test
2024-11-28_15h40m16s,test
2023-03-13_10h22m33s,test
2022-01-12_10h42m57s,test
2023-06-05_11h45m44s,test
2022-08-16_10h14m23s,test
2022-07-11_15h54m19s,test
2024-07-05_10h17m06s,test
2023-06-19_10h46m24s,test
2022-01-31_09h44m30s,test
2023-10-09_14h49m10s,test
2022-03-08_16h44m33s,test
2022-03-04_11h13m43s,test
2023-05-07_16h51m58s,test
2024-05-22_12h09m54s,test
2023-05-07_16h45m33s,test
2024-07-12_21h26m04s,test
2023-03-20_17h58m48s,test
2024-12-02_10h45m12s,test
2021-11-09_15h54m35s,test
2023-05-16_09h36m51s,test
2022-07-11_16h35m00s,test
2023-04-18_21h25m13s,test
2022-10-17_22h16m11s,test
2024-05-21_09h58m18s,test
2023-06-15_19h47m33s,test
2023-09-28_11h33m43s,test
2023-09-28_11h44m16s,test
2025-08-22_19h54m23s,test
2023-06-09_10h38m10s,test
2023-05-25_13h31m40s,test
2023-09-28_11h23m51s,test
2024-07-02_13h47m39s,test
2023-01-19_20h17m55s,test
2022-01-25_08h09m47s,test
2024-09-10_21h28m37s,test
2024-12-02_12h28m30s,test
2021-11-08_21h02m08s,test
2024-03-07_09h25m45s,test
2023-08-29_12h24m36s,test
2023-09-07_11h42m18s,test
2023-11-23_18h31m21s,test
2023-06-27_22h58m59s,test
2023-06-27_22h57m11s,test
2024-12-21_07h33m51s,test
2024-11-21_11h10m52s,test
2024-07-05_15h05m48s,test
2024-05-16_12h19m30s,test
2024-04-17_15h30m27s,test
2024-12-18_10h39m25s,test
2022-08-30_18h26m26s,test
2021-09-14_19h07m04s,test
2024-04-12_08h36m18s,test
2023-06-21_22h13m29s,test
2023-11-02_02h45m20s,test
2024-04-12_11h48m00s,test
2024-04-10_18h29m55s,test
2023-11-03_16h35m00s,test
2024-04-12_10h06m04s,test
2023-11-04_16h42m55s,test
2023-10-31_08h10m34s,test
2022-10-06_23h51m53s,test
2024-03-15_14h53m12s,test
2023-09-13_08h19m26s,test
2022-11-21_22h13m46s,test
2022-11-15_01h18m53s,test
2022-10-06_23h30m24s,test
2024-05-20_20h53m05s,test
2022-05-21_20h04m28s,test
2024-04-12_08h32m53s,test
2024-12-07_00h35m54s,test
2024-12-07_01h24m19s,test
2021-04-17_00h39m18s,test
2023-08-03_18h03m49s,test
2023-04-06_09h30m23s,test
2023-08-03_18h10m48s,test
2024-12-07_00h49m28s,test
2023-08-03_18h11m56s,test
2023-02-08_10h49m05s,test
2023-10-31_02h20m45s,test
2024-12-07_00h54m00s,test
2024-03-15_14h54m56s,test
2023-08-03_18h21m17s,test
2024-04-25_01h06m41s,test
2022-11-18_18h11m25s,test
2024-04-03_08h49m53s,test
2023-04-20_08h41m41s,test
2023-05-02_13h20m54s,test
2022-08-05_00h14m15s,test
2024-04-10_18h49m34s,test
2022-09-28_16h21m16s,test
2021-09-26_18h13m53s,test
2022-02-18_20h15m12s,test
2023-06-08_04h08m21s,test
2023-06-15_18h16m52s,test
2023-11-07_22h37m33s,test
2024-05-31_22h27m41s,test
2022-11-18_19h12m52s,test
2021-10-12_19h01m15s,test
2022-11-28_22h16m02s,test
2022-10-31_22h06m17s,test
2023-06-05_19h24m21s,test
2022-01-10_19h47m27s,test
2023-09-20_20h58m55s,test
2022-03-02_09h36m24s,test
2023-06-22_16h38m58s,test
2024-05-31_22h19m54s,test
2023-09-20_21h01m20s,test
2022-12-01_20h17m26s,test
2024-08-10_00h17m51s,test
2023-09-20_20h57m41s,test
2023-07-28_19h32m20s,test
2022-11-22_20h27m32s,test
2024-03-13_22h41m10s,test
2022-02-23_19h52m13s,test
2022-01-17_23h04m28s,test
2024-11-15_20h59m27s,test
2024-02-15_23h19m17s,test
2022-02-18_19h35m00s,test
2024-09-12_20h10m15s,test
2023-08-22_00h18m53s,test
2023-10-24_02h40m57s,test
2024-08-09_23h39m21s,test
2024-11-15_21h00m29s,test
2024-04-12_14h53m05s,test
2021-06-16_17h59m41s,test
2022-05-21_20h06m53s,test
2022-11-18_17h56m40s,test
2023-06-08_17h06m10s,test
2023-12-31_02h30m14s,test
2023-10-24_09h18m59s,test
2021-12-16_15h58m28s,test
2024-03-31_07h10m36s,test
2023-06-22_16h57m30s,test
2023-06-12_11h10m00s,test
2024-05-20_21h16m28s,test
2023-08-03_18h26m09s,test
2023-08-29_12h02m28s,test
2024-12-08_23h19m45s,test
2024-05-31_22h27m37s,test
2022-11-02_17h36m37s,test
2022-05-30_20h07m49s,test
2022-01-10_19h25m57s,test
2023-10-09_14h46m50s,test
2023-10-24_03h13m39s,test
2023-12-19_19h06m50s,test
2024-04-25_00h36m11s,test
2023-06-08_17h09m44s,test
2024-08-13_22h30m09s,test
2024-08-13_21h07m10s,test
2022-01-17_22h30m20s,test
2023-05-02_13h13m25s,test
2023-07-28_19h22m48s,test
2023-10-26_00h14m03s,test
2023-06-05_19h29m14s,test
2023-06-05_19h17m01s,test
2022-02-18_19h10m35s,test
2023-06-14_20h59m41s,test
2023-04-18_16h14m30s,test
2022-07-07_11h43m24s,test
2023-06-13_22h32m52s,test
2021-12-01_18h57m16s,test
2023-11-06_17h41m01s,test
2022-03-13_16h30m45s,test
2023-03-28_20h57m59s,test
2020-08-24_22h07m54s,test
2023-11-06_17h33m31s,test
2022-06-09_18h53m26s,test
2023-06-07_03h56m30s,test
2023-06-14_22h40m12s,test
2022-01-17_22h32m10s,test
2023-09-20_20h57m01s,test
2024-02-15_23h34m11s,test
2022-05-30_20h09m30s,test
2023-06-22_17h00m54s,test
2024-12-16_20h11m44s,test
2023-02-21_20h48m24s,test
2022-01-19_01h21m11s,test
2022-12-13_13h35m38s,test
2022-08-23_23h48m59s,test
2024-02-20_06h33m35s,test
2023-01-26_09h32m16s,test
2024-04-25_07h59m52s,test
2023-10-13_05h42m49s,test
2024-08-13_23h24m07s,test
2024-03-13_22h31m24s,test
2023-08-04_21h50m25s,test
2022-06-09_18h57m38s,test
2023-07-20_22h44m41s,test
2024-04-25_11h51m23s,test
2022-08-16_12h31m33s,test
2024-02-19_07h10m10s,test
2022-06-09_19h00m35s,test
2024-08-09_23h31m22s,test
2024-05-23_14h25m01s,test
2023-11-07_22h13m16s,test
2022-01-31_18h56m29s,test
2024-02-19_12h46m29s,test
2022-02-18_19h10m52s,test
2023-10-26_00h12m24s,test
2023-10-18_03h48m50s,test
2022-01-10_20h48m04s,test
2024-02-15_23h30m14s,test
2022-07-07_11h36m24s,test
2022-01-10_19h24m04s,test
2022-01-10_19h24m35s,test
2022-02-07_18h03m46s,test
2022-10-31_20h16m11s,test
2022-10-25_23h16m04s,test
2023-11-07_22h15m33s,test
2022-11-02_16h26m42s,test
2022-07-13_21h32m00s,test
2021-12-01_18h03m55s,test
2023-06-26_22h43m41s,test
2021-10-11_18h34m31s,test
2022-06-09_19h05m42s,test
2024-05-29_16h34m28s,test
2023-10-09_14h51m43s,test
2023-04-18_11h48m30s,test
2023-11-07_22h14m02s,test
2023-06-13_22h40m26s,test
2023-06-05_23h45m56s,test
2022-01-10_19h25m33s,test
2023-05-03_08h58m12s,test
2022-01-19_01h41m42s,test
2021-12-16_20h37m26s,test
2023-07-20_22h55m52s,test
2022-11-08_22h36m01s,test
2024-01-29_19h26m21s,test
2022-05-23_15h08m42s,test
2023-06-15_19h39m00s,test
2023-01-25_03h20m26s,test
2021-12-16_19h54m06s,test
2022-10-26_21h31m21s,test
2023-11-07_22h09m23s,test
2022-05-23_14h28m02s,test
2022-09-24_00h13m14s,test
2023-10-13_05h30m07s,test
2022-11-22_03h08m01s,test
2021-09-30_11h26m36s,test
2021-09-26_18h15m09s,test
2022-11-22_03h09m59s,test
2022-06-09_18h54m23s,test
2022-11-07_17h28m38s,test
2023-10-26_04h44m47s,test
2024-05-20_20h52m07s,test
2022-11-08_22h52m27s,test
2023-10-24_00h04m37s,test
2023-06-16_16h43m30s,test
2023-06-05_20h00m00s,test
2022-10-27_22h05m48s,test
2022-09-21_06h38m00s,test
2023-02-28_21h17m08s,test
2023-05-23_20h44m02s,test
2024-11-15_20h53m34s,test
2021-11-18_20h09m36s,test
2022-04-22_13h59m24s,test
2023-10-24_00h11m10s,test
2024-11-15_20h52m54s,test
2023-02-15_09h02m24s,test
2023-03-14_09h01m24s,test
2024-02-15_22h32m22s,test
2023-06-13_22h31m15s,test
2023-02-08_23h52m56s,test
2023-08-15_21h26m44s,test
2023-08-03_08h16m30s,test
2022-01-19_03h09m11s,test
2024-04-25_00h52m45s,test
2022-05-23_14h49m10s,test
2021-11-18_23h17m34s,test
2024-06-12_23h26m40s,test
2023-05-15_21h06m50s,test
2023-06-30_11h26m40s,test
2023-06-15_18h37m50s,test
2024-01-25_07h21m00s,test
2023-12-08_11h37m32s,test
2024-03-27_21h10m09s,test
2023-02-08_23h53m56s,test
2022-02-07_18h06m27s,test
2023-08-29_09h14m20s,test
2023-10-24_00h10m34s,test
2023-02-21_14h50m02s,test
2023-07-14_23h53m32s,test
2023-05-25_10h07m40s,test
2023-06-09_17h10m13s,test
2023-12-14_03h06m22s,test
2022-02-07_18h05m58s,test
2022-12-07_01h59m02s,test
2022-11-08_22h41m33s,test
2023-12-12_09h44m46s,test
2022-10-12_18h12m04s,test
2024-04-25_00h49m24s,test
2024-04-25_01h39m15s,test
2023-08-22_00h43m23s,test
2022-03-22_16h26m12s,test
2024-03-27_21h08m01s,test
2023-12-12_09h44m57s,test
2024-11-15_21h01m31s,test
2021-12-09_23h53m39s,test
2024-06-06_19h01m37s,test
2023-08-03_18h18m38s,test
2023-05-10_20h44m19s,test
2023-06-26_22h44m44s,test
2022-05-23_14h47m32s,test
2022-11-21_21h19m37s,test
2024-04-25_01h15m52s,test
2024-08-13_23h32m01s,test
2023-05-02_13h16m44s,test
2024-04-29_22h34m10s,test
2021-12-06_16h54m27s,test
2023-07-17_11h55m19s,test
2023-12-12_10h05m43s,test
2023-12-12_10h06m32s,test
2023-07-12_15h46m55s,test
2023-07-17_17h36m49s,test
2021-11-18_20h10m13s,test
2022-06-09_18h59m11s,test
2022-06-11_22h33m32s,test
2024-11-16_01h07m28s,test
2023-12-08_11h35m33s,test
2022-06-25_19h59m52s,test
2023-07-12_15h43m31s,test
2022-07-07_09h49m42s,test
2022-11-18_19h57m36s,test
2024-03-07_16h10m41s,test
2023-06-15_19h36m41s,test
2023-07-17_12h45m38s,test
2022-11-08_22h38m21s,test
2022-01-06_23h34m13s,test
2024-04-25_00h51m26s,test
2024-03-27_21h12m19s,test
2024-04-02_18h44m50s,test
2024-04-02_18h45m20s,test
2024-04-25_01h11m25s,test
2023-08-21_21h10m27s,test
2023-03-15_09h30m03s,test
2024-04-02_18h48m50s,test
2022-12-07_02h13m50s,test
2023-12-12_09h43m19s,test
2023-06-08_17h11m16s,test
2023-08-31_21h50m27s,test
2023-08-01_01h42m44s,test
2024-04-29_22h27m33s,test
2023-10-04_15h59m19s,test
2023-01-25_02h40m52s,test
2021-11-24_11h05m17s,test
2023-12-12_10h16m27s,test
2024-01-25_07h16m26s,test
2022-06-20_21h13m02s,test
2023-08-03_02h08m40s,test
2024-06-12_22h47m29s,test
2023-07-18_11h54m33s,test
2023-10-24_00h00m39s,test
2024-04-29_22h43m26s,test
2023-05-12_15h13m22s,test
2023-10-04_16h03m43s,test
2021-12-16_19h42m21s,test
2021-12-14_21h48m57s,test
2024-04-29_22h23m34s,test
2023-02-10_01h21m09s,test
2024-02-11_05h45m41s,test
2023-07-17_12h41m33s,test
2023-04-18_16h09m14s,test
2024-11-16_01h07m59s,test
2022-11-30_17h28m47s,test
2023-12-12_10h24m17s,test
2024-06-06_18h45m39s,test
2023-12-14_20h12m42s,test
2024-01-25_07h23m29s,test
2023-06-26_22h48m13s,test
2023-06-27_00h28m23s,test
2023-04-21_10h06m17s,test
2023-04-24_22h41m36s,test
2024-04-29_22h26m52s,test
2023-12-08_11h43m23s,test
2021-09-24_17h51m42s,test
2023-07-20_12h21m11s,test
2023-12-12_23h13m05s,test
2023-05-02_13h25m43s,test
2024-04-25_01h08m17s,test
2024-04-29_22h29m21s,test
2023-08-25_17h02m43s,test
2022-05-23_15h09m24s,test
2022-11-21_22h03m22s,test
2023-06-27_00h16m52s,test
2021-05-05_22h22m42s,test
2023-08-29_18h36m52s,test
2022-05-06_22h55m06s,test
2023-09-19_21h30m32s,test
2023-09-13_17h09m34s,test
2024-04-29_22h29m35s,test
2022-11-21_21h28m42s,test
2024-06-12_23h37m23s,test
2023-06-05_19h56m34s,test
2023-04-12_15h36m35s,test
2023-09-20_01h43m27s,test
2024-01-25_07h18m35s,test
2023-07-06_09h26m24s,test
2023-11-26_13h51m54s,test
2023-06-26_22h45m33s,test
2024-04-02_06h20m48s,test
2022-10-26_22h55m35s,test
2024-05-02_17h41m41s,test
2022-06-26_23h56m11s,test
2023-08-03_02h02m54s,test
2023-04-03_08h43m02s,test
2023-10-24_00h00m05s,test
2021-09-27_22h03m52s,test
2022-12-01_19h18m26s,test
2022-10-27_17h43m49s,test
2024-01-25_07h15m11s,test
2022-03-16_00h08m37s,test
2021-09-24_17h52m55s,test
2022-09-16_07h51m33s,test
2024-03-07_16h11m07s,test
2023-12-12_22h37m08s,test
2024-04-25_01h06m17s,test
2023-12-14_03h07m05s,test
2022-07-07_08h51m01s,test
2022-11-07_17h13m04s,test
2024-03-07_16h40m44s,test
2023-02-09_00h27m31s,test
2023-06-27_00h24m13s,test
2024-02-21_07h46m37s,test
2023-06-15_19h45m28s,test
2022-11-07_17h25m36s,test
2023-12-14_20h13m29s,test
2023-03-27_13h13m40s,test
2021-12-17_18h08m15s,test
2023-12-14_20h13m03s,test
2024-03-05_08h37m13s,test
2022-08-17_03h01m09s,test
2022-01-25_21h20m23s,test
2022-11-21_23h35m08s,test
2021-12-07_22h32m05s,test
2023-04-24_22h28m44s,test
2024-03-04_15h19m00s,test
2021-11-19_11h35m12s,test
2023-07-12_14h57m21s,test
2022-04-16_08h18m31s,test
2023-01-18_09h37m05s,test
2022-11-21_23h44m45s,test
2024-04-29_22h42m13s,test
2021-09-11_19h45m01s,test
2024-02-19_04h23m32s,test
2023-07-17_11h39m09s,test
2022-06-09_20h33m39s,test
2023-07-17_12h42m20s,test
2021-11-19_23h21m55s,test
2024-07-23_09h31m37s,test
2024-03-07_16h17m26s,test
2022-06-11_22h31m01s,test
2022-11-15_01h49m33s,test
2024-08-10_00h31m25s,test
2024-12-19_12h29m25s,test
2022-11-28_22h25m22s,test
2024-09-18_00h40m12s,test
2024-02-21_07h51m52s,test
2023-06-27_00h52m52s,test
2022-05-23_15h04m39s,test
2023-04-17_11h43m50s,test
2023-08-23_04h57m59s,test
2022-10-26_21h27m57s,test
2022-11-21_23h30m51s,test
2023-09-13_15h42m09s,test
2023-06-02_20h42m24s,test
2022-05-31_10h25m56s,test
2023-05-26_21h56m04s,test
2022-04-16_08h18m19s,test
2021-11-30_18h12m11s,test
2022-05-16_15h01m39s,test
2023-12-12_09h48m47s,test
2022-04-16_08h17m59s,test
2023-07-17_11h40m07s,test
2023-09-07_08h16m31s,test
2022-07-13_21h27m09s,test
2023-12-12_09h58m05s,test
2022-10-31_22h11m34s,test
2023-08-03_02h12m51s,test
2022-10-27_00h36m31s,test
2022-10-25_23h16m27s,test
2022-04-29_00h26m51s,test
2023-04-15_01h15m59s,test
2023-12-12_13h14m15s,test
2024-05-29_16h02m17s,test
2022-07-16_07h21m09s,test
2021-12-10_22h10m20s,test
2022-04-14_11h15m05s,test
2023-06-15_18h52m05s,test
2021-12-15_23h36m19s,test
2022-06-09_20h30m53s,test
2022-10-17_22h28m22s,test
2023-07-13_17h06m09s,test
2023-08-03_01h53m11s,test
2023-12-04_13h58m56s,test
2023-08-09_18h17m20s,test
2022-11-21_22h52m55s,test
2022-11-21_22h13m24s,test
2024-10-28_11h52m14s,test
2022-05-23_14h50m19s,test
2023-09-13_00h55m16s,test
2021-11-15_08h27m25s,test
2024-12-11_19h56m59s,test
2022-10-12_22h55m46s,test
2024-03-07_16h09m47s,test
2024-05-11_05h15m25s,test
2023-02-28_21h22m30s,test
2021-12-02_00h41m12s,test
2021-12-01_18h00m04s,test
2024-12-11_19h46m18s,test
2021-12-10_21h52m17s,test
2022-10-26_22h28m18s,test
2024-05-23_19h17m47s,test
2022-04-16_08h17m52s,test
2023-04-12_09h04m22s,test
2021-12-15_23h40m48s,test
2022-07-16_08h06m25s,test
2022-06-11_22h44m09s,test
2022-07-16_08h01m50s,test
2021-12-15_22h08m56s,test
2021-09-16_20h20m15s,test
2024-07-18_08h55m06s,test
2024-12-11_20h12m08s,test
2022-10-27_22h16m06s,test
2024-02-19_05h36m42s,test
2022-06-25_20h09m44s,test
2024-03-04_15h20m41s,test
2023-07-13_17h14m22s,test
2023-04-24_22h14m11s,test
2023-06-27_00h51m59s,test
2023-07-13_17h13m38s,test
2022-06-11_22h31m21s,test
2024-12-19_10h20m30s,test
2022-05-07_01h01m45s,test
2024-03-04_16h41m24s,test
2021-12-30_03h22m53s,test
2021-12-30_03h00m53s,test
2022-07-16_07h31m07s,test
2022-06-11_22h45m05s,test
2022-10-27_00h42m58s,test
2024-12-11_20h27m45s,test
2023-04-24_21h00m27s,test
2024-05-02_22h28m15s,test
2024-12-11_20h14m52s,test
2023-03-21_10h21m28s,test
2022-04-16_08h23m36s,test
2022-07-16_07h45m35s,test
2023-08-01_19h05m28s,test
2021-09-27_18h57m26s,test
2024-08-05_10h37m24s,test
2022-01-31_21h56m23s,test
2021-12-01_18h59m25s,test
2023-06-27_00h51m39s,test
2021-11-04_17h01m38s,test
2022-05-25_11h54m16s,test
2024-02-29_14h11m21s,test
2024-10-12_11h33m23s,test
2024-04-03_09h59m47s,test
2024-12-11_20h34m40s,test
2024-12-14_01h05m14s,test
2023-07-13_17h20m28s,test
2022-04-11_10h35m03s,test
2022-04-11_10h28m11s,test
2023-02-13_20h56m21s,test
2023-08-01_19h03m48s,test
2024-12-11_20h11m56s,test
2023-08-20_07h36m46s,test
2022-10-17_15h51m26s,test
2024-11-05_10h05m10s,test
2022-10-17_22h29m04s,test
2022-10-18_15h34m37s,test
2021-09-27_19h13m28s,test
2024-12-11_20h25m32s,test
2021-09-09_22h14m45s,test
2024-12-11_20h16m12s,test
2024-10-31_15h04m05s,test
2021-11-10_07h02m55s,test
2024-12-11_20h26m16s,test
2024-12-11_20h30m28s,test
2021-12-10_20h53m07s,test
2022-10-17_15h59m07s,test
2023-02-13_20h51m20s,test
2024-03-04_15h19m36s,test
2021-12-10_21h42m23s,test
2024-12-11_20h21m19s,test
2024-07-29_22h12m48s,test
2022-10-17_15h51m43s,test
2022-09-16_14h27m40s,test
2024-02-29_13h56m24s,test
2023-02-24_01h41m05s,test
2022-10-17_15h58m41s,test
2022-05-25_10h39m00s,test
2024-02-29_15h19m51s,test
2022-12-22_11h50m30s,test
2023-02-13_21h00m01s,test
2023-07-13_17h15m16s,test
2022-10-17_15h58m48s,test
2025-08-26_18h28m54s,test
2021-11-30_17h50m30s,test
2022-01-31_21h55m40s,test
2023-03-18_10h16m51s,test
2022-10-17_15h58m05s,test
2021-12-13_08h27m36s,test
2024-05-23_03h48m49s,test
2022-10-18_15h32m45s,test
2024-09-18_00h54m47s,test
2021-11-04_16h55m26s,test
2023-09-12_17h43m00s,test
2022-10-17_15h58m57s,test
2022-07-16_07h22m12s,test
2023-08-10_08h24m51s,test
2021-09-27_19h36m01s,test
2023-06-27_22h59m29s,test
2024-07-29_22h13m32s,test
2022-06-04_01h05m10s,test
2023-08-23_14h19m57s,test
2022-10-17_15h51m07s,test
2024-02-19_05h02m33s,test
2021-09-27_21h53m57s,test
2023-07-31_07h32m57s,test
2024-01-26_21h50m38s,test
2024-07-29_22h14m50s,test
2022-04-11_10h41m48s,test
2022-10-17_15h52m44s,test
2024-07-29_21h55m48s,test
2024-07-29_22h04m59s,test
2024-12-11_20h37m48s,test
2024-12-11_20h40m08s,test
2021-11-04_17h07m22s,test
2024-07-29_22h03m25s,test
2024-02-20_01h57m32s,test
2024-07-29_21h57m38s,test
2023-10-24_08h57m00s,test
2024-12-11_20h37m10s,test
2023-06-07_09h55m21s,test
2024-07-29_21h55m17s,test
2024-02-20_01h44m07s,test
2024-07-29_22h15m35s,test
2024-07-29_22h03m42s,test
2024-12-11_20h39m31s,test
2024-02-20_01h40m11s,test
2024-01-16_21h28m13s,test
2023-02-17_10h09m24s,test
2024-07-29_21h54m48s,test
2024-07-29_22h15m03s,test
2022-10-21_10h11m46s,test
2023-06-18_14h51m30s,test
2023-11-26_15h23m06s,test
2023-06-18_14h51m51s,test
2023-07-04_11h43m46s,test
2024-12-02_10h35m00s,test
2022-10-21_10h10m25s,test
2024-07-29_21h54m33s,test
2023-08-04_08h24m23s,test
2024-08-23_15h21m31s,test
2024-05-29_14h58m42s,test
2023-11-27_04h08m55s,test
2024-06-25_11h38m02s,test
2024-12-11_20h37m21s,test
2022-03-04_11h20m44s,test
2023-02-23_22h35m34s,test
2022-04-07_09h16m39s,test
2024-12-20_04h15m50s,test
2024-12-11_20h44m15s,test
2024-12-20_03h54m23s,test
2021-11-10_07h40m35s,test
2024-12-20_04h43m52s,test
2024-12-20_04h46m17s,test
2019-10-29_22h01m09s,test
2019-10-29_23h23m27s,test
2024-08-23_03h35m41s,test
2024-02-29_14h42m04s,test
2024-09-27_17h30m33s,test
2023-07-16_11h31m39s,test
2024-12-20_18h54m19s,test
2021-09-14_19h08m05s,test
2022-08-26_00h06m52s,test
2023-07-04_09h18m44s,test
2022-08-29_21h38m19s,test
2022-08-30_00h27m19s,test
